discouraged_ability,alpha,test_ability,score,baseline,delta_pct
AS,-3.0,AS,294.0,429.0,-31.46853146853147
AS,-3.0,CEc,360.0,492.0,-26.82926829268293
AS,-3.0,CEe,29.0,38.0,-23.684210526315788
AS,-3.0,CL,258.0,348.0,-25.862068965517242
AS,-3.0,MCr,213.0,307.0,-30.618892508143325
AS,-3.0,MCt,359.0,498.0,-27.91164658634538
AS,-3.0,MCu,358.0,510.0,-29.80392156862745
AS,-3.0,MS,88.0,122.0,-27.86885245901639
AS,-3.0,QLl,236.0,318.0,-25.78616352201258
AS,-3.0,QLq,138.0,177.0,-22.033898305084744
AS,-3.0,SNs,10.0,8.0,25.0
AS,-3.0,KNa,374.0,533.0,-29.831144465290805
AS,-3.0,KNc,274.0,345.0,-20.579710144927535
AS,-3.0,KNf,235.0,292.0,-19.52054794520548
AS,-3.0,KNn,195.0,290.0,-32.758620689655174
AS,-3.0,KNs,236.0,350.0,-32.57142857142858
AS,-3.0,AT,312.0,440.0,-29.09090909090909
AS,-3.0,VO,237.0,316.0,-25.0
AS,-2.0,AS,347.0,429.0,-19.114219114219114
AS,-2.0,CEc,426.0,492.0,-13.414634146341465
AS,-2.0,CEe,32.0,38.0,-15.789473684210526
AS,-2.0,CL,300.0,348.0,-13.793103448275861
AS,-2.0,MCr,267.0,307.0,-13.029315960912053
AS,-2.0,MCt,425.0,498.0,-14.65863453815261
AS,-2.0,MCu,436.0,510.0,-14.50980392156863
AS,-2.0,MS,107.0,122.0,-12.295081967213115
AS,-2.0,QLl,284.0,318.0,-10.69182389937107
AS,-2.0,QLq,158.0,177.0,-10.734463276836157
AS,-2.0,SNs,8.0,8.0,0.0
AS,-2.0,KNa,443.0,533.0,-16.885553470919323
AS,-2.0,KNc,329.0,345.0,-4.63768115942029
AS,-2.0,KNf,269.0,292.0,-7.876712328767123
AS,-2.0,KNn,217.0,290.0,-25.17241379310345
AS,-2.0,KNs,306.0,350.0,-12.571428571428573
AS,-2.0,AT,382.0,440.0,-13.18181818181818
AS,-2.0,VO,270.0,316.0,-14.556962025316455
AS,-1.5,AS,381.0,429.0,-11.188811188811188
AS,-1.5,CEc,455.0,492.0,-7.520325203252034
AS,-1.5,CEe,35.0,38.0,-7.894736842105263
AS,-1.5,CL,312.0,348.0,-10.344827586206897
AS,-1.5,MCr,285.0,307.0,-7.166123778501629
AS,-1.5,MCt,455.0,498.0,-8.634538152610443
AS,-1.5,MCu,467.0,510.0,-8.431372549019608
AS,-1.5,MS,115.0,122.0,-5.737704918032787
AS,-1.5,QLl,301.0,318.0,-5.345911949685535
AS,-1.5,QLq,171.0,177.0,-3.389830508474576
AS,-1.5,SNs,8.0,8.0,0.0
AS,-1.5,KNa,477.0,533.0,-10.506566604127581
AS,-1.5,KNc,351.0,345.0,1.7391304347826086
AS,-1.5,KNf,279.0,292.0,-4.4520547945205475
AS,-1.5,KNn,243.0,290.0,-16.206896551724135
AS,-1.5,KNs,332.0,350.0,-5.142857142857142
AS,-1.5,AT,412.0,440.0,-6.363636363636363
AS,-1.5,VO,297.0,316.0,-6.012658227848101
AS,-1.0,AS,401.0,429.0,-6.526806526806526
AS,-1.0,CEc,468.0,492.0,-4.878048780487805
AS,-1.0,CEe,38.0,38.0,0.0
AS,-1.0,CL,331.0,348.0,-4.885057471264368
AS,-1.0,MCr,292.0,307.0,-4.88599348534202
AS,-1.0,MCt,476.0,498.0,-4.417670682730924
AS,-1.0,MCu,483.0,510.0,-5.294117647058823
AS,-1.0,MS,120.0,122.0,-1.639344262295082
AS,-1.0,QLl,307.0,318.0,-3.459119496855346
AS,-1.0,QLq,169.0,177.0,-4.519774011299435
AS,-1.0,SNs,8.0,8.0,0.0
AS,-1.0,KNa,495.0,533.0,-7.129455909943714
AS,-1.0,KNc,341.0,345.0,-1.1594202898550725
AS,-1.0,KNf,279.0,292.0,-4.4520547945205475
AS,-1.0,KNn,258.0,290.0,-11.03448275862069
AS,-1.0,KNs,339.0,350.0,-3.1428571428571432
AS,-1.0,AT,420.0,440.0,-4.545454545454546
AS,-1.0,VO,304.0,316.0,-3.79746835443038
AS,0.0,AS,429.0,429.0,0.0
AS,0.0,CEc,492.0,492.0,0.0
AS,0.0,CEe,38.0,38.0,0.0
AS,0.0,CL,348.0,348.0,0.0
AS,0.0,MCr,307.0,307.0,0.0
AS,0.0,MCt,498.0,498.0,0.0
AS,0.0,MCu,510.0,510.0,0.0
AS,0.0,MS,122.0,122.0,0.0
AS,0.0,QLl,318.0,318.0,0.0
AS,0.0,QLq,177.0,177.0,0.0
AS,0.0,SNs,8.0,8.0,0.0
AS,0.0,KNa,533.0,533.0,0.0
AS,0.0,KNc,345.0,345.0,0.0
AS,0.0,KNf,292.0,292.0,0.0
AS,0.0,KNn,290.0,290.0,0.0
AS,0.0,KNs,350.0,350.0,0.0
AS,0.0,AT,440.0,440.0,0.0
AS,0.0,VO,316.0,316.0,0.0
AS,0.5,AS,432.0,429.0,0.6993006993006993
AS,0.5,CEc,493.0,492.0,0.20325203252032523
AS,0.5,CEe,40.0,38.0,5.263157894736842
AS,0.5,CL,348.0,348.0,0.0
AS,0.5,MCr,311.0,307.0,1.3029315960912053
AS,0.5,MCt,498.0,498.0,0.0
AS,0.5,MCu,513.0,510.0,0.5882352941176471
AS,0.5,MS,122.0,122.0,0.0
AS,0.5,QLl,321.0,318.0,0.9433962264150944
AS,0.5,QLq,169.0,177.0,-4.519774011299435
AS,0.5,SNs,8.0,8.0,0.0
AS,0.5,KNa,530.0,533.0,-0.5628517823639775
AS,0.5,KNc,352.0,345.0,2.0289855072463765
AS,0.5,KNf,283.0,292.0,-3.0821917808219177
AS,0.5,KNn,282.0,290.0,-2.7586206896551726
AS,0.5,KNs,355.0,350.0,1.4285714285714286
AS,0.5,AT,442.0,440.0,0.45454545454545453
AS,0.5,VO,315.0,316.0,-0.31645569620253167
AT,-3.0,AS,352.0,429.0,-17.94871794871795
AT,-3.0,CEc,416.0,492.0,-15.447154471544716
AT,-3.0,CEe,40.0,38.0,5.263157894736842
AT,-3.0,CL,301.0,348.0,-13.505747126436782
AT,-3.0,MCr,260.0,307.0,-15.309446254071663
AT,-3.0,MCt,426.0,498.0,-14.457831325301203
AT,-3.0,MCu,420.0,510.0,-17.647058823529413
AT,-3.0,MS,108.0,122.0,-11.475409836065573
AT,-3.0,QLl,281.0,318.0,-11.635220125786164
AT,-3.0,QLq,151.0,177.0,-14.689265536723164
AT,-3.0,SNs,4.0,8.0,-50.0
AT,-3.0,KNa,412.0,533.0,-22.70168855534709
AT,-3.0,KNc,304.0,345.0,-11.884057971014492
AT,-3.0,KNf,241.0,292.0,-17.465753424657535
AT,-3.0,KNn,212.0,290.0,-26.89655172413793
AT,-3.0,KNs,300.0,350.0,-14.285714285714285
AT,-3.0,AT,367.0,440.0,-16.590909090909093
AT,-3.0,VO,264.0,316.0,-16.455696202531644
AT,-2.0,AS,389.0,429.0,-9.324009324009324
AT,-2.0,CEc,452.0,492.0,-8.130081300813007
AT,-2.0,CEe,40.0,38.0,5.263157894736842
AT,-2.0,CL,319.0,348.0,-8.333333333333332
AT,-2.0,MCr,285.0,307.0,-7.166123778501629
AT,-2.0,MCt,457.0,498.0,-8.23293172690763
AT,-2.0,MCu,457.0,510.0,-10.392156862745098
AT,-2.0,MS,121.0,122.0,-0.819672131147541
AT,-2.0,QLl,295.0,318.0,-7.232704402515723
AT,-2.0,QLq,160.0,177.0,-9.6045197740113
AT,-2.0,SNs,6.0,8.0,-25.0
AT,-2.0,KNa,466.0,533.0,-12.570356472795496
AT,-2.0,KNc,322.0,345.0,-6.666666666666667
AT,-2.0,KNf,258.0,292.0,-11.643835616438356
AT,-2.0,KNn,253.0,290.0,-12.758620689655173
AT,-2.0,KNs,332.0,350.0,-5.142857142857142
AT,-2.0,AT,397.0,440.0,-9.772727272727273
AT,-2.0,VO,290.0,316.0,-8.227848101265822
AT,-1.5,AS,411.0,429.0,-4.195804195804196
AT,-1.5,CEc,478.0,492.0,-2.8455284552845526
AT,-1.5,CEe,40.0,38.0,5.263157894736842
AT,-1.5,CL,337.0,348.0,-3.1609195402298855
AT,-1.5,MCr,309.0,307.0,0.6514657980456027
AT,-1.5,MCt,483.0,498.0,-3.0120481927710845
AT,-1.5,MCu,489.0,510.0,-4.117647058823529
AT,-1.5,MS,128.0,122.0,4.918032786885246
AT,-1.5,QLl,314.0,318.0,-1.257861635220126
AT,-1.5,QLq,166.0,177.0,-6.214689265536723
AT,-1.5,SNs,6.0,8.0,-25.0
AT,-1.5,KNa,499.0,533.0,-6.378986866791744
AT,-1.5,KNc,341.0,345.0,-1.1594202898550725
AT,-1.5,KNf,271.0,292.0,-7.191780821917808
AT,-1.5,KNn,264.0,290.0,-8.96551724137931
AT,-1.5,KNs,354.0,350.0,1.1428571428571428
AT,-1.5,AT,419.0,440.0,-4.772727272727273
AT,-1.5,VO,308.0,316.0,-2.5316455696202533
AT,-1.0,AS,425.0,429.0,-0.9324009324009324
AT,-1.0,CEc,490.0,492.0,-0.40650406504065045
AT,-1.0,CEe,40.0,38.0,5.263157894736842
AT,-1.0,CL,350.0,348.0,0.5747126436781609
AT,-1.0,MCr,312.0,307.0,1.6286644951140066
AT,-1.0,MCt,498.0,498.0,0.0
AT,-1.0,MCu,501.0,510.0,-1.7647058823529411
AT,-1.0,MS,128.0,122.0,4.918032786885246
AT,-1.0,QLl,327.0,318.0,2.8301886792452833
AT,-1.0,QLq,183.0,177.0,3.389830508474576
AT,-1.0,SNs,8.0,8.0,0.0
AT,-1.0,KNa,519.0,533.0,-2.6266416510318953
AT,-1.0,KNc,342.0,345.0,-0.8695652173913043
AT,-1.0,KNf,298.0,292.0,2.054794520547945
AT,-1.0,KNn,275.0,290.0,-5.172413793103448
AT,-1.0,KNs,353.0,350.0,0.8571428571428572
AT,-1.0,AT,430.0,440.0,-2.272727272727273
AT,-1.0,VO,324.0,316.0,2.5316455696202533
AT,0.0,AS,429.0,429.0,0.0
AT,0.0,CEc,492.0,492.0,0.0
AT,0.0,CEe,38.0,38.0,0.0
AT,0.0,CL,348.0,348.0,0.0
AT,0.0,MCr,307.0,307.0,0.0
AT,0.0,MCt,498.0,498.0,0.0
AT,0.0,MCu,510.0,510.0,0.0
AT,0.0,MS,122.0,122.0,0.0
AT,0.0,QLl,318.0,318.0,0.0
AT,0.0,QLq,177.0,177.0,0.0
AT,0.0,SNs,8.0,8.0,0.0
AT,0.0,KNa,533.0,533.0,0.0
AT,0.0,KNc,345.0,345.0,0.0
AT,0.0,KNf,292.0,292.0,0.0
AT,0.0,KNn,290.0,290.0,0.0
AT,0.0,KNs,350.0,350.0,0.0
AT,0.0,AT,440.0,440.0,0.0
AT,0.0,VO,316.0,316.0,0.0
AT,0.5,AS,422.0,429.0,-1.6317016317016315
AT,0.5,CEc,490.0,492.0,-0.40650406504065045
AT,0.5,CEe,35.0,38.0,-7.894736842105263
AT,0.5,CL,350.0,348.0,0.5747126436781609
AT,0.5,MCr,312.0,307.0,1.6286644951140066
AT,0.5,MCt,497.0,498.0,-0.2008032128514056
AT,0.5,MCu,511.0,510.0,0.19607843137254902
AT,0.5,MS,119.0,122.0,-2.459016393442623
AT,0.5,QLl,321.0,318.0,0.9433962264150944
AT,0.5,QLq,174.0,177.0,-1.694915254237288
AT,0.5,SNs,8.0,8.0,0.0
AT,0.5,KNa,531.0,533.0,-0.37523452157598497
AT,0.5,KNc,338.0,345.0,-2.0289855072463765
AT,0.5,KNf,287.0,292.0,-1.7123287671232876
AT,0.5,KNn,283.0,290.0,-2.413793103448276
AT,0.5,KNs,346.0,350.0,-1.1428571428571428
AT,0.5,AT,444.0,440.0,0.9090909090909091
AT,0.5,VO,310.0,316.0,-1.89873417721519
CEc,-3.0,AS,343.0,429.0,-20.04662004662005
CEc,-3.0,CEc,422.0,492.0,-14.227642276422763
CEc,-3.0,CEe,32.0,38.0,-15.789473684210526
CEc,-3.0,CL,294.0,348.0,-15.517241379310345
CEc,-3.0,MCr,267.0,307.0,-13.029315960912053
CEc,-3.0,MCt,420.0,498.0,-15.66265060240964
CEc,-3.0,MCu,416.0,510.0,-18.43137254901961
CEc,-3.0,MS,103.0,122.0,-15.573770491803279
CEc,-3.0,QLl,271.0,318.0,-14.779874213836477
CEc,-3.0,QLq,146.0,177.0,-17.51412429378531
CEc,-3.0,SNs,8.0,8.0,0.0
CEc,-3.0,KNa,411.0,533.0,-22.88930581613508
CEc,-3.0,KNc,314.0,345.0,-8.985507246376812
CEc,-3.0,KNf,244.0,292.0,-16.43835616438356
CEc,-3.0,KNn,205.0,290.0,-29.310344827586203
CEc,-3.0,KNs,308.0,350.0,-12.0
CEc,-3.0,AT,373.0,440.0,-15.227272727272728
CEc,-3.0,VO,264.0,316.0,-16.455696202531644
CEc,-2.0,AS,370.0,429.0,-13.752913752913754
CEc,-2.0,CEc,445.0,492.0,-9.552845528455284
CEc,-2.0,CEe,35.0,38.0,-7.894736842105263
CEc,-2.0,CL,309.0,348.0,-11.206896551724139
CEc,-2.0,MCr,277.0,307.0,-9.77198697068404
CEc,-2.0,MCt,448.0,498.0,-10.040160642570282
CEc,-2.0,MCu,445.0,510.0,-12.745098039215685
CEc,-2.0,MS,116.0,122.0,-4.918032786885246
CEc,-2.0,QLl,297.0,318.0,-6.60377358490566
CEc,-2.0,QLq,169.0,177.0,-4.519774011299435
CEc,-2.0,SNs,8.0,8.0,0.0
CEc,-2.0,KNa,451.0,533.0,-15.384615384615385
CEc,-2.0,KNc,327.0,345.0,-5.217391304347826
CEc,-2.0,KNf,278.0,292.0,-4.794520547945205
CEc,-2.0,KNn,234.0,290.0,-19.310344827586206
CEc,-2.0,KNs,315.0,350.0,-10.0
CEc,-2.0,AT,393.0,440.0,-10.681818181818182
CEc,-2.0,VO,285.0,316.0,-9.81012658227848
CEc,-1.5,AS,378.0,429.0,-11.888111888111888
CEc,-1.5,CEc,457.0,492.0,-7.113821138211382
CEc,-1.5,CEe,37.0,38.0,-2.631578947368421
CEc,-1.5,CL,317.0,348.0,-8.908045977011495
CEc,-1.5,MCr,291.0,307.0,-5.211726384364821
CEc,-1.5,MCt,461.0,498.0,-7.429718875502007
CEc,-1.5,MCu,462.0,510.0,-9.411764705882353
CEc,-1.5,MS,121.0,122.0,-0.819672131147541
CEc,-1.5,QLl,302.0,318.0,-5.031446540880504
CEc,-1.5,QLq,167.0,177.0,-5.649717514124294
CEc,-1.5,SNs,6.0,8.0,-25.0
CEc,-1.5,KNa,464.0,533.0,-12.94559099437148
CEc,-1.5,KNc,330.0,345.0,-4.3478260869565215
CEc,-1.5,KNf,274.0,292.0,-6.164383561643835
CEc,-1.5,KNn,240.0,290.0,-17.24137931034483
CEc,-1.5,KNs,324.0,350.0,-7.428571428571429
CEc,-1.5,AT,401.0,440.0,-8.863636363636363
CEc,-1.5,VO,292.0,316.0,-7.59493670886076
CEc,-1.0,AS,399.0,429.0,-6.993006993006993
CEc,-1.0,CEc,466.0,492.0,-5.284552845528456
CEc,-1.0,CEe,35.0,38.0,-7.894736842105263
CEc,-1.0,CL,332.0,348.0,-4.597701149425287
CEc,-1.0,MCr,294.0,307.0,-4.234527687296417
CEc,-1.0,MCt,475.0,498.0,-4.618473895582329
CEc,-1.0,MCu,479.0,510.0,-6.078431372549019
CEc,-1.0,MS,119.0,122.0,-2.459016393442623
CEc,-1.0,QLl,312.0,318.0,-1.8867924528301887
CEc,-1.0,QLq,173.0,177.0,-2.2598870056497176
CEc,-1.0,SNs,6.0,8.0,-25.0
CEc,-1.0,KNa,491.0,533.0,-7.879924953095685
CEc,-1.0,KNc,333.0,345.0,-3.4782608695652173
CEc,-1.0,KNf,285.0,292.0,-2.3972602739726026
CEc,-1.0,KNn,261.0,290.0,-10.0
CEc,-1.0,KNs,333.0,350.0,-4.857142857142857
CEc,-1.0,AT,417.0,440.0,-5.227272727272727
CEc,-1.0,VO,300.0,316.0,-5.063291139240507
CEc,0.0,AS,429.0,429.0,0.0
CEc,0.0,CEc,492.0,492.0,0.0
CEc,0.0,CEe,38.0,38.0,0.0
CEc,0.0,CL,348.0,348.0,0.0
CEc,0.0,MCr,307.0,307.0,0.0
CEc,0.0,MCt,498.0,498.0,0.0
CEc,0.0,MCu,510.0,510.0,0.0
CEc,0.0,MS,122.0,122.0,0.0
CEc,0.0,QLl,318.0,318.0,0.0
CEc,0.0,QLq,177.0,177.0,0.0
CEc,0.0,SNs,8.0,8.0,0.0
CEc,0.0,KNa,533.0,533.0,0.0
CEc,0.0,KNc,345.0,345.0,0.0
CEc,0.0,KNf,292.0,292.0,0.0
CEc,0.0,KNn,290.0,290.0,0.0
CEc,0.0,KNs,350.0,350.0,0.0
CEc,0.0,AT,440.0,440.0,0.0
CEc,0.0,VO,316.0,316.0,0.0
CEc,0.5,AS,429.0,429.0,0.0
CEc,0.5,CEc,493.0,492.0,0.20325203252032523
CEc,0.5,CEe,38.0,38.0,0.0
CEc,0.5,CL,353.0,348.0,1.4367816091954022
CEc,0.5,MCr,314.0,307.0,2.2801302931596092
CEc,0.5,MCt,498.0,498.0,0.0
CEc,0.5,MCu,511.0,510.0,0.19607843137254902
CEc,0.5,MS,122.0,122.0,0.0
CEc,0.5,QLl,322.0,318.0,1.257861635220126
CEc,0.5,QLq,171.0,177.0,-3.389830508474576
CEc,0.5,SNs,8.0,8.0,0.0
CEc,0.5,KNa,531.0,533.0,-0.37523452157598497
CEc,0.5,KNc,344.0,345.0,-0.2898550724637681
CEc,0.5,KNf,282.0,292.0,-3.4246575342465753
CEc,0.5,KNn,287.0,290.0,-1.0344827586206897
CEc,0.5,KNs,355.0,350.0,1.4285714285714286
CEc,0.5,AT,440.0,440.0,0.0
CEc,0.5,VO,315.0,316.0,-0.31645569620253167
CEe,-3.0,AS,224.0,429.0,-47.785547785547784
CEe,-3.0,CEc,294.0,492.0,-40.243902439024396
CEe,-3.0,CEe,26.0,38.0,-31.57894736842105
CEe,-3.0,CL,194.0,348.0,-44.252873563218394
CEe,-3.0,MCr,173.0,307.0,-43.648208469055376
CEe,-3.0,MCt,286.0,498.0,-42.570281124497996
CEe,-3.0,MCu,280.0,510.0,-45.09803921568628
CEe,-3.0,MS,82.0,122.0,-32.78688524590164
CEe,-3.0,QLl,176.0,318.0,-44.65408805031446
CEe,-3.0,QLq,88.0,177.0,-50.282485875706215
CEe,-3.0,SNs,4.0,8.0,-50.0
CEe,-3.0,KNa,272.0,533.0,-48.96810506566604
CEe,-3.0,KNc,225.0,345.0,-34.78260869565217
CEe,-3.0,KNf,152.0,292.0,-47.94520547945205
CEe,-3.0,KNn,142.0,290.0,-51.03448275862069
CEe,-3.0,KNs,203.0,350.0,-42.0
CEe,-3.0,AT,251.0,440.0,-42.95454545454545
CEe,-3.0,VO,180.0,316.0,-43.037974683544306
CEe,-2.0,AS,313.0,429.0,-27.03962703962704
CEe,-2.0,CEc,385.0,492.0,-21.747967479674795
CEe,-2.0,CEe,34.0,38.0,-10.526315789473683
CEe,-2.0,CL,271.0,348.0,-22.126436781609197
CEe,-2.0,MCr,236.0,307.0,-23.12703583061889
CEe,-2.0,MCt,388.0,498.0,-22.08835341365462
CEe,-2.0,MCu,377.0,510.0,-26.078431372549023
CEe,-2.0,MS,101.0,122.0,-17.21311475409836
CEe,-2.0,QLl,251.0,318.0,-21.069182389937108
CEe,-2.0,QLq,128.0,177.0,-27.683615819209038
CEe,-2.0,SNs,8.0,8.0,0.0
CEe,-2.0,KNa,401.0,533.0,-24.765478424015008
CEe,-2.0,KNc,306.0,345.0,-11.304347826086957
CEe,-2.0,KNf,219.0,292.0,-25.0
CEe,-2.0,KNn,210.0,290.0,-27.586206896551722
CEe,-2.0,KNs,272.0,350.0,-22.285714285714285
CEe,-2.0,AT,330.0,440.0,-25.0
CEe,-2.0,VO,247.0,316.0,-21.835443037974684
CEe,-1.5,AS,347.0,429.0,-19.114219114219114
CEe,-1.5,CEc,414.0,492.0,-15.853658536585366
CEe,-1.5,CEe,34.0,38.0,-10.526315789473683
CEe,-1.5,CL,292.0,348.0,-16.091954022988507
CEe,-1.5,MCr,267.0,307.0,-13.029315960912053
CEe,-1.5,MCt,413.0,498.0,-17.06827309236948
CEe,-1.5,MCu,418.0,510.0,-18.03921568627451
CEe,-1.5,MS,114.0,122.0,-6.557377049180328
CEe,-1.5,QLl,269.0,318.0,-15.40880503144654
CEe,-1.5,QLq,136.0,177.0,-23.163841807909606
CEe,-1.5,SNs,8.0,8.0,0.0
CEe,-1.5,KNa,426.0,533.0,-20.075046904315197
CEe,-1.5,KNc,327.0,345.0,-5.217391304347826
CEe,-1.5,KNf,225.0,292.0,-22.945205479452056
CEe,-1.5,KNn,221.0,290.0,-23.79310344827586
CEe,-1.5,KNs,305.0,350.0,-12.857142857142856
CEe,-1.5,AT,366.0,440.0,-16.818181818181817
CEe,-1.5,VO,261.0,316.0,-17.405063291139243
CEe,-1.0,AS,391.0,429.0,-8.857808857808857
CEe,-1.0,CEc,454.0,492.0,-7.723577235772358
CEe,-1.0,CEe,35.0,38.0,-7.894736842105263
CEe,-1.0,CL,314.0,348.0,-9.770114942528735
CEe,-1.0,MCr,286.0,307.0,-6.840390879478828
CEe,-1.0,MCt,450.0,498.0,-9.63855421686747
CEe,-1.0,MCu,462.0,510.0,-9.411764705882353
CEe,-1.0,MS,119.0,122.0,-2.459016393442623
CEe,-1.0,QLl,290.0,318.0,-8.80503144654088
CEe,-1.0,QLq,146.0,177.0,-17.51412429378531
CEe,-1.0,SNs,8.0,8.0,0.0
CEe,-1.0,KNa,489.0,533.0,-8.25515947467167
CEe,-1.0,KNc,332.0,345.0,-3.768115942028986
CEe,-1.0,KNf,255.0,292.0,-12.67123287671233
CEe,-1.0,KNn,255.0,290.0,-12.068965517241379
CEe,-1.0,KNs,334.0,350.0,-4.571428571428571
CEe,-1.0,AT,394.0,440.0,-10.454545454545453
CEe,-1.0,VO,282.0,316.0,-10.759493670886076
CEe,0.0,AS,429.0,429.0,0.0
CEe,0.0,CEc,492.0,492.0,0.0
CEe,0.0,CEe,38.0,38.0,0.0
CEe,0.0,CL,348.0,348.0,0.0
CEe,0.0,MCr,307.0,307.0,0.0
CEe,0.0,MCt,498.0,498.0,0.0
CEe,0.0,MCu,510.0,510.0,0.0
CEe,0.0,MS,122.0,122.0,0.0
CEe,0.0,QLl,318.0,318.0,0.0
CEe,0.0,QLq,177.0,177.0,0.0
CEe,0.0,SNs,8.0,8.0,0.0
CEe,0.0,KNa,533.0,533.0,0.0
CEe,0.0,KNc,345.0,345.0,0.0
CEe,0.0,KNf,292.0,292.0,0.0
CEe,0.0,KNn,290.0,290.0,0.0
CEe,0.0,KNs,350.0,350.0,0.0
CEe,0.0,AT,440.0,440.0,0.0
CEe,0.0,VO,316.0,316.0,0.0
CEe,0.5,AS,434.0,429.0,1.1655011655011656
CEe,0.5,CEc,502.0,492.0,2.0325203252032518
CEe,0.5,CEe,40.0,38.0,5.263157894736842
CEe,0.5,CL,356.0,348.0,2.2988505747126435
CEe,0.5,MCr,319.0,307.0,3.908794788273615
CEe,0.5,MCt,508.0,498.0,2.0080321285140563
CEe,0.5,MCu,520.0,510.0,1.9607843137254901
CEe,0.5,MS,122.0,122.0,0.0
CEe,0.5,QLl,328.0,318.0,3.1446540880503147
CEe,0.5,QLq,181.0,177.0,2.2598870056497176
CEe,0.5,SNs,10.0,8.0,25.0
CEe,0.5,KNa,540.0,533.0,1.3133208255159476
CEe,0.5,KNc,353.0,345.0,2.318840579710145
CEe,0.5,KNf,297.0,292.0,1.7123287671232876
CEe,0.5,KNn,292.0,290.0,0.6896551724137931
CEe,0.5,KNs,355.0,350.0,1.4285714285714286
CEe,0.5,AT,449.0,440.0,2.0454545454545454
CEe,0.5,VO,319.0,316.0,0.949367088607595
CL,-3.0,AS,301.0,429.0,-29.836829836829835
CL,-3.0,CEc,379.0,492.0,-22.96747967479675
CL,-3.0,CEe,37.0,38.0,-2.631578947368421
CL,-3.0,CL,275.0,348.0,-20.977011494252874
CL,-3.0,MCr,236.0,307.0,-23.12703583061889
CL,-3.0,MCt,383.0,498.0,-23.09236947791165
CL,-3.0,MCu,367.0,510.0,-28.03921568627451
CL,-3.0,MS,105.0,122.0,-13.934426229508196
CL,-3.0,QLl,248.0,318.0,-22.0125786163522
CL,-3.0,QLq,133.0,177.0,-24.858757062146893
CL,-3.0,SNs,6.0,8.0,-25.0
CL,-3.0,KNa,384.0,533.0,-27.954971857410882
CL,-3.0,KNc,286.0,345.0,-17.101449275362317
CL,-3.0,KNf,214.0,292.0,-26.71232876712329
CL,-3.0,KNn,188.0,290.0,-35.172413793103445
CL,-3.0,KNs,251.0,350.0,-28.285714285714285
CL,-3.0,AT,331.0,440.0,-24.772727272727273
CL,-3.0,VO,240.0,316.0,-24.050632911392405
CL,-2.0,AS,353.0,429.0,-17.715617715617714
CL,-2.0,CEc,435.0,492.0,-11.585365853658537
CL,-2.0,CEe,40.0,38.0,5.263157894736842
CL,-2.0,CL,307.0,348.0,-11.781609195402298
CL,-2.0,MCr,279.0,307.0,-9.120521172638437
CL,-2.0,MCt,438.0,498.0,-12.048192771084338
CL,-2.0,MCu,433.0,510.0,-15.098039215686274
CL,-2.0,MS,120.0,122.0,-1.639344262295082
CL,-2.0,QLl,294.0,318.0,-7.547169811320755
CL,-2.0,QLq,156.0,177.0,-11.864406779661017
CL,-2.0,SNs,8.0,8.0,0.0
CL,-2.0,KNa,439.0,533.0,-17.636022514071296
CL,-2.0,KNc,338.0,345.0,-2.0289855072463765
CL,-2.0,KNf,250.0,292.0,-14.383561643835616
CL,-2.0,KNn,208.0,290.0,-28.27586206896552
CL,-2.0,KNs,311.0,350.0,-11.142857142857142
CL,-2.0,AT,387.0,440.0,-12.045454545454545
CL,-2.0,VO,281.0,316.0,-11.075949367088606
CL,-1.5,AS,375.0,429.0,-12.587412587412588
CL,-1.5,CEc,452.0,492.0,-8.130081300813007
CL,-1.5,CEe,40.0,38.0,5.263157894736842
CL,-1.5,CL,317.0,348.0,-8.908045977011495
CL,-1.5,MCr,291.0,307.0,-5.211726384364821
CL,-1.5,MCt,455.0,498.0,-8.634538152610443
CL,-1.5,MCu,460.0,510.0,-9.803921568627452
CL,-1.5,MS,123.0,122.0,0.819672131147541
CL,-1.5,QLl,295.0,318.0,-7.232704402515723
CL,-1.5,QLq,159.0,177.0,-10.16949152542373
CL,-1.5,SNs,8.0,8.0,0.0
CL,-1.5,KNa,474.0,533.0,-11.069418386491558
CL,-1.5,KNc,348.0,345.0,0.8695652173913043
CL,-1.5,KNf,256.0,292.0,-12.32876712328767
CL,-1.5,KNn,242.0,290.0,-16.551724137931036
CL,-1.5,KNs,324.0,350.0,-7.428571428571429
CL,-1.5,AT,402.0,440.0,-8.636363636363637
CL,-1.5,VO,291.0,316.0,-7.9113924050632916
CL,-1.0,AS,403.0,429.0,-6.0606060606060606
CL,-1.0,CEc,483.0,492.0,-1.8292682926829267
CL,-1.0,CEe,38.0,38.0,0.0
CL,-1.0,CL,340.0,348.0,-2.2988505747126435
CL,-1.0,MCr,306.0,307.0,-0.32573289902280134
CL,-1.0,MCt,488.0,498.0,-2.0080321285140563
CL,-1.0,MCu,492.0,510.0,-3.5294117647058822
CL,-1.0,MS,127.0,122.0,4.098360655737705
CL,-1.0,QLl,324.0,318.0,1.8867924528301887
CL,-1.0,QLq,176.0,177.0,-0.5649717514124294
CL,-1.0,SNs,8.0,8.0,0.0
CL,-1.0,KNa,514.0,533.0,-3.564727954971857
CL,-1.0,KNc,352.0,345.0,2.0289855072463765
CL,-1.0,KNf,288.0,292.0,-1.36986301369863
CL,-1.0,KNn,262.0,290.0,-9.655172413793103
CL,-1.0,KNs,344.0,350.0,-1.7142857142857144
CL,-1.0,AT,428.0,440.0,-2.727272727272727
CL,-1.0,VO,317.0,316.0,0.31645569620253167
CL,0.0,AS,429.0,429.0,0.0
CL,0.0,CEc,492.0,492.0,0.0
CL,0.0,CEe,38.0,38.0,0.0
CL,0.0,CL,348.0,348.0,0.0
CL,0.0,MCr,307.0,307.0,0.0
CL,0.0,MCt,498.0,498.0,0.0
CL,0.0,MCu,510.0,510.0,0.0
CL,0.0,MS,122.0,122.0,0.0
CL,0.0,QLl,318.0,318.0,0.0
CL,0.0,QLq,177.0,177.0,0.0
CL,0.0,SNs,8.0,8.0,0.0
CL,0.0,KNa,533.0,533.0,0.0
CL,0.0,KNc,345.0,345.0,0.0
CL,0.0,KNf,292.0,292.0,0.0
CL,0.0,KNn,290.0,290.0,0.0
CL,0.0,KNs,350.0,350.0,0.0
CL,0.0,AT,440.0,440.0,0.0
CL,0.0,VO,316.0,316.0,0.0
CL,0.5,AS,431.0,429.0,0.4662004662004662
CL,0.5,CEc,498.0,492.0,1.2195121951219512
CL,0.5,CEe,37.0,38.0,-2.631578947368421
CL,0.5,CL,355.0,348.0,2.0114942528735633
CL,0.5,MCr,315.0,307.0,2.6058631921824107
CL,0.5,MCt,504.0,498.0,1.2048192771084338
CL,0.5,MCu,517.0,510.0,1.3725490196078431
CL,0.5,MS,119.0,122.0,-2.459016393442623
CL,0.5,QLl,328.0,318.0,3.1446540880503147
CL,0.5,QLq,180.0,177.0,1.694915254237288
CL,0.5,SNs,10.0,8.0,25.0
CL,0.5,KNa,534.0,533.0,0.18761726078799248
CL,0.5,KNc,344.0,345.0,-0.2898550724637681
CL,0.5,KNf,296.0,292.0,1.36986301369863
CL,0.5,KNn,286.0,290.0,-1.3793103448275863
CL,0.5,KNs,347.0,350.0,-0.8571428571428572
CL,0.5,AT,447.0,440.0,1.5909090909090908
CL,0.5,VO,316.0,316.0,0.0
KNa,-3.0,AS,271.0,429.0,-36.82983682983683
KNa,-3.0,CEc,335.0,492.0,-31.910569105691057
KNa,-3.0,CEe,29.0,38.0,-23.684210526315788
KNa,-3.0,CL,239.0,348.0,-31.321839080459768
KNa,-3.0,MCr,218.0,307.0,-28.990228013029316
KNa,-3.0,MCt,331.0,498.0,-33.53413654618474
KNa,-3.0,MCu,328.0,510.0,-35.68627450980392
KNa,-3.0,MS,86.0,122.0,-29.508196721311474
KNa,-3.0,QLl,224.0,318.0,-29.559748427672954
KNa,-3.0,QLq,114.0,177.0,-35.59322033898305
KNa,-3.0,SNs,8.0,8.0,0.0
KNa,-3.0,KNa,333.0,533.0,-37.5234521575985
KNa,-3.0,KNc,250.0,345.0,-27.536231884057973
KNa,-3.0,KNf,194.0,292.0,-33.56164383561644
KNa,-3.0,KNn,176.0,290.0,-39.310344827586206
KNa,-3.0,KNs,238.0,350.0,-32.0
KNa,-3.0,AT,282.0,440.0,-35.90909090909091
KNa,-3.0,VO,219.0,316.0,-30.69620253164557
KNa,-2.0,AS,322.0,429.0,-24.941724941724942
KNa,-2.0,CEc,399.0,492.0,-18.902439024390244
KNa,-2.0,CEe,32.0,38.0,-15.789473684210526
KNa,-2.0,CL,280.0,348.0,-19.54022988505747
KNa,-2.0,MCr,251.0,307.0,-18.241042345276874
KNa,-2.0,MCt,410.0,498.0,-17.670682730923694
KNa,-2.0,MCu,400.0,510.0,-21.568627450980394
KNa,-2.0,MS,105.0,122.0,-13.934426229508196
KNa,-2.0,QLl,263.0,318.0,-17.29559748427673
KNa,-2.0,QLq,148.0,177.0,-16.38418079096045
KNa,-2.0,SNs,8.0,8.0,0.0
KNa,-2.0,KNa,405.0,533.0,-24.015009380863038
KNa,-2.0,KNc,294.0,345.0,-14.782608695652174
KNa,-2.0,KNf,246.0,292.0,-15.753424657534246
KNa,-2.0,KNn,215.0,290.0,-25.862068965517242
KNa,-2.0,KNs,279.0,350.0,-20.285714285714285
KNa,-2.0,AT,345.0,440.0,-21.59090909090909
KNa,-2.0,VO,255.0,316.0,-19.303797468354432
KNa,-1.5,AS,367.0,429.0,-14.452214452214452
KNa,-1.5,CEc,439.0,492.0,-10.772357723577237
KNa,-1.5,CEe,32.0,38.0,-15.789473684210526
KNa,-1.5,CL,307.0,348.0,-11.781609195402298
KNa,-1.5,MCr,280.0,307.0,-8.794788273615636
KNa,-1.5,MCt,437.0,498.0,-12.248995983935743
KNa,-1.5,MCu,443.0,510.0,-13.137254901960786
KNa,-1.5,MS,109.0,122.0,-10.655737704918032
KNa,-1.5,QLl,283.0,318.0,-11.0062893081761
KNa,-1.5,QLq,159.0,177.0,-10.16949152542373
KNa,-1.5,SNs,8.0,8.0,0.0
KNa,-1.5,KNa,454.0,533.0,-14.821763602251407
KNa,-1.5,KNc,316.0,345.0,-8.405797101449275
KNa,-1.5,KNf,264.0,292.0,-9.58904109589041
KNa,-1.5,KNn,243.0,290.0,-16.206896551724135
KNa,-1.5,KNs,315.0,350.0,-10.0
KNa,-1.5,AT,385.0,440.0,-12.5
KNa,-1.5,VO,279.0,316.0,-11.708860759493671
KNa,-1.0,AS,390.0,429.0,-9.090909090909092
KNa,-1.0,CEc,459.0,492.0,-6.707317073170732
KNa,-1.0,CEe,38.0,38.0,0.0
KNa,-1.0,CL,323.0,348.0,-7.183908045977011
KNa,-1.0,MCr,291.0,307.0,-5.211726384364821
KNa,-1.0,MCt,461.0,498.0,-7.429718875502007
KNa,-1.0,MCu,464.0,510.0,-9.019607843137255
KNa,-1.0,MS,118.0,122.0,-3.278688524590164
KNa,-1.0,QLl,302.0,318.0,-5.031446540880504
KNa,-1.0,QLq,165.0,177.0,-6.779661016949152
KNa,-1.0,SNs,8.0,8.0,0.0
KNa,-1.0,KNa,471.0,533.0,-11.632270168855536
KNa,-1.0,KNc,326.0,345.0,-5.507246376811594
KNa,-1.0,KNf,279.0,292.0,-4.4520547945205475
KNa,-1.0,KNn,245.0,290.0,-15.517241379310345
KNa,-1.0,KNs,324.0,350.0,-7.428571428571429
KNa,-1.0,AT,400.0,440.0,-9.090909090909092
KNa,-1.0,VO,297.0,316.0,-6.012658227848101
KNa,0.0,AS,429.0,429.0,0.0
KNa,0.0,CEc,492.0,492.0,0.0
KNa,0.0,CEe,38.0,38.0,0.0
KNa,0.0,CL,348.0,348.0,0.0
KNa,0.0,MCr,307.0,307.0,0.0
KNa,0.0,MCt,498.0,498.0,0.0
KNa,0.0,MCu,510.0,510.0,0.0
KNa,0.0,MS,122.0,122.0,0.0
KNa,0.0,QLl,318.0,318.0,0.0
KNa,0.0,QLq,177.0,177.0,0.0
KNa,0.0,SNs,8.0,8.0,0.0
KNa,0.0,KNa,533.0,533.0,0.0
KNa,0.0,KNc,345.0,345.0,0.0
KNa,0.0,KNf,292.0,292.0,0.0
KNa,0.0,KNn,290.0,290.0,0.0
KNa,0.0,KNs,350.0,350.0,0.0
KNa,0.0,AT,440.0,440.0,0.0
KNa,0.0,VO,316.0,316.0,0.0
KNa,0.5,AS,425.0,429.0,-0.9324009324009324
KNa,0.5,CEc,489.0,492.0,-0.6097560975609756
KNa,0.5,CEe,40.0,38.0,5.263157894736842
KNa,0.5,CL,348.0,348.0,0.0
KNa,0.5,MCr,309.0,307.0,0.6514657980456027
KNa,0.5,MCt,496.0,498.0,-0.4016064257028112
KNa,0.5,MCu,507.0,510.0,-0.5882352941176471
KNa,0.5,MS,122.0,122.0,0.0
KNa,0.5,QLl,319.0,318.0,0.3144654088050315
KNa,0.5,QLq,169.0,177.0,-4.519774011299435
KNa,0.5,SNs,8.0,8.0,0.0
KNa,0.5,KNa,526.0,533.0,-1.3133208255159476
KNa,0.5,KNc,342.0,345.0,-0.8695652173913043
KNa,0.5,KNf,280.0,292.0,-4.10958904109589
KNa,0.5,KNn,278.0,290.0,-4.137931034482759
KNa,0.5,KNs,351.0,350.0,0.2857142857142857
KNa,0.5,AT,438.0,440.0,-0.45454545454545453
KNa,0.5,VO,311.0,316.0,-1.5822784810126582
KNc,-3.0,AS,321.0,429.0,-25.174825174825177
KNc,-3.0,CEc,393.0,492.0,-20.121951219512198
KNc,-3.0,CEe,29.0,38.0,-23.684210526315788
KNc,-3.0,CL,278.0,348.0,-20.114942528735632
KNc,-3.0,MCr,241.0,307.0,-21.49837133550489
KNc,-3.0,MCt,389.0,498.0,-21.88755020080321
KNc,-3.0,MCu,383.0,510.0,-24.901960784313726
KNc,-3.0,MS,107.0,122.0,-12.295081967213115
KNc,-3.0,QLl,268.0,318.0,-15.723270440251572
KNc,-3.0,QLq,148.0,177.0,-16.38418079096045
KNc,-3.0,SNs,8.0,8.0,0.0
KNc,-3.0,KNa,392.0,533.0,-26.454033771106943
KNc,-3.0,KNc,300.0,345.0,-13.043478260869565
KNc,-3.0,KNf,233.0,292.0,-20.205479452054796
KNc,-3.0,KNn,203.0,290.0,-30.0
KNc,-3.0,KNs,265.0,350.0,-24.285714285714285
KNc,-3.0,AT,341.0,440.0,-22.5
KNc,-3.0,VO,258.0,316.0,-18.354430379746837
KNc,-2.0,AS,386.0,429.0,-10.023310023310025
KNc,-2.0,CEc,464.0,492.0,-5.691056910569105
KNc,-2.0,CEe,38.0,38.0,0.0
KNc,-2.0,CL,316.0,348.0,-9.195402298850574
KNc,-2.0,MCr,290.0,307.0,-5.537459283387622
KNc,-2.0,MCt,460.0,498.0,-7.630522088353414
KNc,-2.0,MCu,455.0,510.0,-10.784313725490197
KNc,-2.0,MS,116.0,122.0,-4.918032786885246
KNc,-2.0,QLl,306.0,318.0,-3.7735849056603774
KNc,-2.0,QLq,176.0,177.0,-0.5649717514124294
KNc,-2.0,SNs,8.0,8.0,0.0
KNc,-2.0,KNa,481.0,533.0,-9.75609756097561
KNc,-2.0,KNc,346.0,345.0,0.2898550724637681
KNc,-2.0,KNf,277.0,292.0,-5.136986301369863
KNc,-2.0,KNn,251.0,290.0,-13.448275862068964
KNc,-2.0,KNs,331.0,350.0,-5.428571428571429
KNc,-2.0,AT,400.0,440.0,-9.090909090909092
KNc,-2.0,VO,295.0,316.0,-6.645569620253164
KNc,-1.5,AS,405.0,429.0,-5.594405594405594
KNc,-1.5,CEc,481.0,492.0,-2.2357723577235773
KNc,-1.5,CEe,38.0,38.0,0.0
KNc,-1.5,CL,333.0,348.0,-4.310344827586207
KNc,-1.5,MCr,301.0,307.0,-1.9543973941368076
KNc,-1.5,MCt,483.0,498.0,-3.0120481927710845
KNc,-1.5,MCu,482.0,510.0,-5.490196078431373
KNc,-1.5,MS,123.0,122.0,0.819672131147541
KNc,-1.5,QLl,323.0,318.0,1.5723270440251573
KNc,-1.5,QLq,175.0,177.0,-1.1299435028248588
KNc,-1.5,SNs,8.0,8.0,0.0
KNc,-1.5,KNa,512.0,533.0,-3.9399624765478425
KNc,-1.5,KNc,364.0,345.0,5.507246376811594
KNc,-1.5,KNf,283.0,292.0,-3.0821917808219177
KNc,-1.5,KNn,260.0,290.0,-10.344827586206897
KNc,-1.5,KNs,344.0,350.0,-1.7142857142857144
KNc,-1.5,AT,413.0,440.0,-6.136363636363637
KNc,-1.5,VO,310.0,316.0,-1.89873417721519
KNc,-1.0,AS,412.0,429.0,-3.9627039627039626
KNc,-1.0,CEc,482.0,492.0,-2.0325203252032518
KNc,-1.0,CEe,38.0,38.0,0.0
KNc,-1.0,CL,345.0,348.0,-0.8620689655172413
KNc,-1.0,MCr,304.0,307.0,-0.9771986970684038
KNc,-1.0,MCt,488.0,498.0,-2.0080321285140563
KNc,-1.0,MCu,486.0,510.0,-4.705882352941177
KNc,-1.0,MS,123.0,122.0,0.819672131147541
KNc,-1.0,QLl,322.0,318.0,1.257861635220126
KNc,-1.0,QLq,179.0,177.0,1.1299435028248588
KNc,-1.0,SNs,8.0,8.0,0.0
KNc,-1.0,KNa,501.0,533.0,-6.0037523452157595
KNc,-1.0,KNc,351.0,345.0,1.7391304347826086
KNc,-1.0,KNf,291.0,292.0,-0.3424657534246575
KNc,-1.0,KNn,264.0,290.0,-8.96551724137931
KNc,-1.0,KNs,339.0,350.0,-3.1428571428571432
KNc,-1.0,AT,423.0,440.0,-3.8636363636363633
KNc,-1.0,VO,312.0,316.0,-1.2658227848101267
KNc,0.0,AS,429.0,429.0,0.0
KNc,0.0,CEc,492.0,492.0,0.0
KNc,0.0,CEe,38.0,38.0,0.0
KNc,0.0,CL,348.0,348.0,0.0
KNc,0.0,MCr,307.0,307.0,0.0
KNc,0.0,MCt,498.0,498.0,0.0
KNc,0.0,MCu,510.0,510.0,0.0
KNc,0.0,MS,122.0,122.0,0.0
KNc,0.0,QLl,318.0,318.0,0.0
KNc,0.0,QLq,177.0,177.0,0.0
KNc,0.0,SNs,8.0,8.0,0.0
KNc,0.0,KNa,533.0,533.0,0.0
KNc,0.0,KNc,345.0,345.0,0.0
KNc,0.0,KNf,292.0,292.0,0.0
KNc,0.0,KNn,290.0,290.0,0.0
KNc,0.0,KNs,350.0,350.0,0.0
KNc,0.0,AT,440.0,440.0,0.0
KNc,0.0,VO,316.0,316.0,0.0
KNc,0.5,AS,432.0,429.0,0.6993006993006993
KNc,0.5,CEc,497.0,492.0,1.0162601626016259
KNc,0.5,CEe,38.0,38.0,0.0
KNc,0.5,CL,354.0,348.0,1.7241379310344827
KNc,0.5,MCr,313.0,307.0,1.9543973941368076
KNc,0.5,MCt,504.0,498.0,1.2048192771084338
KNc,0.5,MCu,516.0,510.0,1.1764705882352942
KNc,0.5,MS,122.0,122.0,0.0
KNc,0.5,QLl,326.0,318.0,2.515723270440252
KNc,0.5,QLq,178.0,177.0,0.5649717514124294
KNc,0.5,SNs,8.0,8.0,0.0
KNc,0.5,KNa,534.0,533.0,0.18761726078799248
KNc,0.5,KNc,347.0,345.0,0.5797101449275363
KNc,0.5,KNf,292.0,292.0,0.0
KNc,0.5,KNn,290.0,290.0,0.0
KNc,0.5,KNs,355.0,350.0,1.4285714285714286
KNc,0.5,AT,444.0,440.0,0.9090909090909091
KNc,0.5,VO,319.0,316.0,0.949367088607595
KNf,-3.0,AS,248.0,429.0,-42.19114219114219
KNf,-3.0,CEc,306.0,492.0,-37.80487804878049
KNf,-3.0,CEe,26.0,38.0,-31.57894736842105
KNf,-3.0,CL,223.0,348.0,-35.91954022988506
KNf,-3.0,MCr,193.0,307.0,-37.13355048859935
KNf,-3.0,MCt,308.0,498.0,-38.152610441767074
KNf,-3.0,MCu,306.0,510.0,-40.0
KNf,-3.0,MS,78.0,122.0,-36.0655737704918
KNf,-3.0,QLl,203.0,318.0,-36.16352201257861
KNf,-3.0,QLq,101.0,177.0,-42.93785310734463
KNf,-3.0,SNs,4.0,8.0,-50.0
KNf,-3.0,KNa,298.0,533.0,-44.090056285178235
KNf,-3.0,KNc,226.0,345.0,-34.492753623188406
KNf,-3.0,KNf,168.0,292.0,-42.465753424657535
KNf,-3.0,KNn,144.0,290.0,-50.3448275862069
KNf,-3.0,KNs,212.0,350.0,-39.42857142857143
KNf,-3.0,AT,264.0,440.0,-40.0
KNf,-3.0,VO,205.0,316.0,-35.12658227848101
KNf,-2.0,AS,319.0,429.0,-25.64102564102564
KNf,-2.0,CEc,392.0,492.0,-20.32520325203252
KNf,-2.0,CEe,35.0,38.0,-7.894736842105263
KNf,-2.0,CL,280.0,348.0,-19.54022988505747
KNf,-2.0,MCr,253.0,307.0,-17.58957654723127
KNf,-2.0,MCt,394.0,498.0,-20.883534136546185
KNf,-2.0,MCu,386.0,510.0,-24.313725490196077
KNf,-2.0,MS,108.0,122.0,-11.475409836065573
KNf,-2.0,QLl,258.0,318.0,-18.867924528301888
KNf,-2.0,QLq,126.0,177.0,-28.8135593220339
KNf,-2.0,SNs,6.0,8.0,-25.0
KNf,-2.0,KNa,393.0,533.0,-26.26641651031895
KNf,-2.0,KNc,316.0,345.0,-8.405797101449275
KNf,-2.0,KNf,215.0,292.0,-26.36986301369863
KNf,-2.0,KNn,190.0,290.0,-34.48275862068966
KNf,-2.0,KNs,287.0,350.0,-18.0
KNf,-2.0,AT,339.0,440.0,-22.954545454545457
KNf,-2.0,VO,251.0,316.0,-20.569620253164558
KNf,-1.5,AS,353.0,429.0,-17.715617715617714
KNf,-1.5,CEc,430.0,492.0,-12.601626016260163
KNf,-1.5,CEe,35.0,38.0,-7.894736842105263
KNf,-1.5,CL,301.0,348.0,-13.505747126436782
KNf,-1.5,MCr,276.0,307.0,-10.097719869706841
KNf,-1.5,MCt,431.0,498.0,-13.453815261044177
KNf,-1.5,MCu,427.0,510.0,-16.274509803921568
KNf,-1.5,MS,115.0,122.0,-5.737704918032787
KNf,-1.5,QLl,278.0,318.0,-12.578616352201259
KNf,-1.5,QLq,141.0,177.0,-20.33898305084746
KNf,-1.5,SNs,6.0,8.0,-25.0
KNf,-1.5,KNa,440.0,533.0,-17.4484052532833
KNf,-1.5,KNc,335.0,345.0,-2.898550724637681
KNf,-1.5,KNf,237.0,292.0,-18.835616438356166
KNf,-1.5,KNn,218.0,290.0,-24.82758620689655
KNf,-1.5,KNs,311.0,350.0,-11.142857142857142
KNf,-1.5,AT,371.0,440.0,-15.681818181818183
KNf,-1.5,VO,277.0,316.0,-12.341772151898734
KNf,-1.0,AS,363.0,429.0,-15.384615384615385
KNf,-1.0,CEc,434.0,492.0,-11.788617886178862
KNf,-1.0,CEe,35.0,38.0,-7.894736842105263
KNf,-1.0,CL,303.0,348.0,-12.931034482758621
KNf,-1.0,MCr,276.0,307.0,-10.097719869706841
KNf,-1.0,MCt,436.0,498.0,-12.449799196787147
KNf,-1.0,MCu,435.0,510.0,-14.705882352941178
KNf,-1.0,MS,115.0,122.0,-5.737704918032787
KNf,-1.0,QLl,277.0,318.0,-12.89308176100629
KNf,-1.0,QLq,145.0,177.0,-18.07909604519774
KNf,-1.0,SNs,8.0,8.0,0.0
KNf,-1.0,KNa,450.0,533.0,-15.572232645403378
KNf,-1.0,KNc,321.0,345.0,-6.956521739130435
KNf,-1.0,KNf,248.0,292.0,-15.068493150684931
KNf,-1.0,KNn,238.0,290.0,-17.93103448275862
KNf,-1.0,KNs,314.0,350.0,-10.285714285714285
KNf,-1.0,AT,376.0,440.0,-14.545454545454545
KNf,-1.0,VO,280.0,316.0,-11.39240506329114
KNf,0.0,AS,429.0,429.0,0.0
KNf,0.0,CEc,492.0,492.0,0.0
KNf,0.0,CEe,38.0,38.0,0.0
KNf,0.0,CL,348.0,348.0,0.0
KNf,0.0,MCr,307.0,307.0,0.0
KNf,0.0,MCt,498.0,498.0,0.0
KNf,0.0,MCu,510.0,510.0,0.0
KNf,0.0,MS,122.0,122.0,0.0
KNf,0.0,QLl,318.0,318.0,0.0
KNf,0.0,QLq,177.0,177.0,0.0
KNf,0.0,SNs,8.0,8.0,0.0
KNf,0.0,KNa,533.0,533.0,0.0
KNf,0.0,KNc,345.0,345.0,0.0
KNf,0.0,KNf,292.0,292.0,0.0
KNf,0.0,KNn,290.0,290.0,0.0
KNf,0.0,KNs,350.0,350.0,0.0
KNf,0.0,AT,440.0,440.0,0.0
KNf,0.0,VO,316.0,316.0,0.0
KNf,0.5,AS,441.0,429.0,2.797202797202797
KNf,0.5,CEc,513.0,492.0,4.2682926829268295
KNf,0.5,CEe,40.0,38.0,5.263157894736842
KNf,0.5,CL,371.0,348.0,6.609195402298851
KNf,0.5,MCr,327.0,307.0,6.514657980456026
KNf,0.5,MCt,522.0,498.0,4.819277108433735
KNf,0.5,MCu,530.0,510.0,3.9215686274509802
KNf,0.5,MS,125.0,122.0,2.459016393442623
KNf,0.5,QLl,344.0,318.0,8.176100628930817
KNf,0.5,QLq,194.0,177.0,9.6045197740113
KNf,0.5,SNs,12.0,8.0,50.0
KNf,0.5,KNa,543.0,533.0,1.876172607879925
KNf,0.5,KNc,352.0,345.0,2.0289855072463765
KNf,0.5,KNf,311.0,292.0,6.506849315068493
KNf,0.5,KNn,292.0,290.0,0.6896551724137931
KNf,0.5,KNs,356.0,350.0,1.7142857142857144
KNf,0.5,AT,457.0,440.0,3.8636363636363633
KNf,0.5,VO,329.0,316.0,4.113924050632911
KNn,-3.0,AS,258.0,429.0,-39.86013986013986
KNn,-3.0,CEc,320.0,492.0,-34.959349593495936
KNn,-3.0,CEe,26.0,38.0,-31.57894736842105
KNn,-3.0,CL,230.0,348.0,-33.90804597701149
KNn,-3.0,MCr,198.0,307.0,-35.50488599348534
KNn,-3.0,MCt,323.0,498.0,-35.140562248995984
KNn,-3.0,MCu,303.0,510.0,-40.588235294117645
KNn,-3.0,MS,94.0,122.0,-22.950819672131146
KNn,-3.0,QLl,210.0,318.0,-33.9622641509434
KNn,-3.0,QLq,109.0,177.0,-38.4180790960452
KNn,-3.0,SNs,8.0,8.0,0.0
KNn,-3.0,KNa,330.0,533.0,-38.08630393996248
KNn,-3.0,KNc,260.0,345.0,-24.637681159420293
KNn,-3.0,KNf,181.0,292.0,-38.013698630136986
KNn,-3.0,KNn,166.0,290.0,-42.758620689655174
KNn,-3.0,KNs,220.0,350.0,-37.142857142857146
KNn,-3.0,AT,263.0,440.0,-40.22727272727273
KNn,-3.0,VO,211.0,316.0,-33.22784810126582
KNn,-2.0,AS,326.0,429.0,-24.00932400932401
KNn,-2.0,CEc,403.0,492.0,-18.089430894308943
KNn,-2.0,CEe,32.0,38.0,-15.789473684210526
KNn,-2.0,CL,291.0,348.0,-16.379310344827587
KNn,-2.0,MCr,254.0,307.0,-17.263843648208468
KNn,-2.0,MCt,402.0,498.0,-19.27710843373494
KNn,-2.0,MCu,385.0,510.0,-24.509803921568626
KNn,-2.0,MS,107.0,122.0,-12.295081967213115
KNn,-2.0,QLl,270.0,318.0,-15.09433962264151
KNn,-2.0,QLq,147.0,177.0,-16.94915254237288
KNn,-2.0,SNs,8.0,8.0,0.0
KNn,-2.0,KNa,404.0,533.0,-24.202626641651033
KNn,-2.0,KNc,310.0,345.0,-10.144927536231885
KNn,-2.0,KNf,243.0,292.0,-16.78082191780822
KNn,-2.0,KNn,200.0,290.0,-31.03448275862069
KNn,-2.0,KNs,281.0,350.0,-19.714285714285715
KNn,-2.0,AT,333.0,440.0,-24.31818181818182
KNn,-2.0,VO,260.0,316.0,-17.72151898734177
KNn,-1.5,AS,369.0,429.0,-13.986013986013987
KNn,-1.5,CEc,450.0,492.0,-8.536585365853659
KNn,-1.5,CEe,35.0,38.0,-7.894736842105263
KNn,-1.5,CL,310.0,348.0,-10.919540229885058
KNn,-1.5,MCr,278.0,307.0,-9.446254071661238
KNn,-1.5,MCt,444.0,498.0,-10.843373493975903
KNn,-1.5,MCu,447.0,510.0,-12.352941176470589
KNn,-1.5,MS,115.0,122.0,-5.737704918032787
KNn,-1.5,QLl,286.0,318.0,-10.062893081761008
KNn,-1.5,QLq,160.0,177.0,-9.6045197740113
KNn,-1.5,SNs,8.0,8.0,0.0
KNn,-1.5,KNa,462.0,533.0,-13.320825515947469
KNn,-1.5,KNc,344.0,345.0,-0.2898550724637681
KNn,-1.5,KNf,264.0,292.0,-9.58904109589041
KNn,-1.5,KNn,232.0,290.0,-20.0
KNn,-1.5,KNs,318.0,350.0,-9.142857142857142
KNn,-1.5,AT,384.0,440.0,-12.727272727272727
KNn,-1.5,VO,284.0,316.0,-10.126582278481013
KNn,-1.0,AS,390.0,429.0,-9.090909090909092
KNn,-1.0,CEc,465.0,492.0,-5.487804878048781
KNn,-1.0,CEe,35.0,38.0,-7.894736842105263
KNn,-1.0,CL,327.0,348.0,-6.0344827586206895
KNn,-1.0,MCr,291.0,307.0,-5.211726384364821
KNn,-1.0,MCt,466.0,498.0,-6.425702811244979
KNn,-1.0,MCu,473.0,510.0,-7.254901960784315
KNn,-1.0,MS,115.0,122.0,-5.737704918032787
KNn,-1.0,QLl,305.0,318.0,-4.088050314465408
KNn,-1.0,QLq,176.0,177.0,-0.5649717514124294
KNn,-1.0,SNs,8.0,8.0,0.0
KNn,-1.0,KNa,480.0,533.0,-9.943714821763603
KNn,-1.0,KNc,336.0,345.0,-2.608695652173913
KNn,-1.0,KNf,285.0,292.0,-2.3972602739726026
KNn,-1.0,KNn,260.0,290.0,-10.344827586206897
KNn,-1.0,KNs,320.0,350.0,-8.571428571428571
KNn,-1.0,AT,407.0,440.0,-7.5
KNn,-1.0,VO,296.0,316.0,-6.329113924050633
KNn,0.0,AS,429.0,429.0,0.0
KNn,0.0,CEc,492.0,492.0,0.0
KNn,0.0,CEe,38.0,38.0,0.0
KNn,0.0,CL,348.0,348.0,0.0
KNn,0.0,MCr,307.0,307.0,0.0
KNn,0.0,MCt,498.0,498.0,0.0
KNn,0.0,MCu,510.0,510.0,0.0
KNn,0.0,MS,122.0,122.0,0.0
KNn,0.0,QLl,318.0,318.0,0.0
KNn,0.0,QLq,177.0,177.0,0.0
KNn,0.0,SNs,8.0,8.0,0.0
KNn,0.0,KNa,533.0,533.0,0.0
KNn,0.0,KNc,345.0,345.0,0.0
KNn,0.0,KNf,292.0,292.0,0.0
KNn,0.0,KNn,290.0,290.0,0.0
KNn,0.0,KNs,350.0,350.0,0.0
KNn,0.0,AT,440.0,440.0,0.0
KNn,0.0,VO,316.0,316.0,0.0
KNn,0.5,AS,438.0,429.0,2.097902097902098
KNn,0.5,CEc,501.0,492.0,1.8292682926829267
KNn,0.5,CEe,40.0,38.0,5.263157894736842
KNn,0.5,CL,353.0,348.0,1.4367816091954022
KNn,0.5,MCr,316.0,307.0,2.9315960912052117
KNn,0.5,MCt,507.0,498.0,1.8072289156626504
KNn,0.5,MCu,521.0,510.0,2.156862745098039
KNn,0.5,MS,122.0,122.0,0.0
KNn,0.5,QLl,330.0,318.0,3.7735849056603774
KNn,0.5,QLq,179.0,177.0,1.1299435028248588
KNn,0.5,SNs,8.0,8.0,0.0
KNn,0.5,KNa,537.0,533.0,0.7504690431519699
KNn,0.5,KNc,349.0,345.0,1.1594202898550725
KNn,0.5,KNf,294.0,292.0,0.684931506849315
KNn,0.5,KNn,289.0,290.0,-0.3448275862068966
KNn,0.5,KNs,354.0,350.0,1.1428571428571428
KNn,0.5,AT,451.0,440.0,2.5
KNn,0.5,VO,320.0,316.0,1.2658227848101267
KNs,-3.0,AS,289.0,429.0,-32.634032634032636
KNs,-3.0,CEc,358.0,492.0,-27.235772357723576
KNs,-3.0,CEe,32.0,38.0,-15.789473684210526
KNs,-3.0,CL,247.0,348.0,-29.022988505747126
KNs,-3.0,MCr,235.0,307.0,-23.452768729641694
KNs,-3.0,MCt,357.0,498.0,-28.313253012048197
KNs,-3.0,MCu,353.0,510.0,-30.784313725490197
KNs,-3.0,MS,91.0,122.0,-25.40983606557377
KNs,-3.0,QLl,234.0,318.0,-26.41509433962264
KNs,-3.0,QLq,128.0,177.0,-27.683615819209038
KNs,-3.0,SNs,6.0,8.0,-25.0
KNs,-3.0,KNa,355.0,533.0,-33.39587242026266
KNs,-3.0,KNc,287.0,345.0,-16.81159420289855
KNs,-3.0,KNf,198.0,292.0,-32.19178082191781
KNs,-3.0,KNn,175.0,290.0,-39.6551724137931
KNs,-3.0,KNs,250.0,350.0,-28.57142857142857
KNs,-3.0,AT,314.0,440.0,-28.636363636363637
KNs,-3.0,VO,235.0,316.0,-25.63291139240506
KNs,-2.0,AS,361.0,429.0,-15.85081585081585
KNs,-2.0,CEc,437.0,492.0,-11.178861788617885
KNs,-2.0,CEe,34.0,38.0,-10.526315789473683
KNs,-2.0,CL,301.0,348.0,-13.505747126436782
KNs,-2.0,MCr,281.0,307.0,-8.469055374592834
KNs,-2.0,MCt,436.0,498.0,-12.449799196787147
KNs,-2.0,MCu,433.0,510.0,-15.098039215686274
KNs,-2.0,MS,110.0,122.0,-9.836065573770492
KNs,-2.0,QLl,293.0,318.0,-7.861635220125786
KNs,-2.0,QLq,164.0,177.0,-7.344632768361582
KNs,-2.0,SNs,6.0,8.0,-25.0
KNs,-2.0,KNa,442.0,533.0,-17.073170731707318
KNs,-2.0,KNc,337.0,345.0,-2.318840579710145
KNs,-2.0,KNf,261.0,292.0,-10.616438356164384
KNs,-2.0,KNn,227.0,290.0,-21.72413793103448
KNs,-2.0,KNs,300.0,350.0,-14.285714285714285
KNs,-2.0,AT,380.0,440.0,-13.636363636363635
KNs,-2.0,VO,282.0,316.0,-10.759493670886076
KNs,-1.5,AS,365.0,429.0,-14.918414918414918
KNs,-1.5,CEc,443.0,492.0,-9.959349593495935
KNs,-1.5,CEe,32.0,38.0,-15.789473684210526
KNs,-1.5,CL,300.0,348.0,-13.793103448275861
KNs,-1.5,MCr,277.0,307.0,-9.77198697068404
KNs,-1.5,MCt,441.0,498.0,-11.44578313253012
KNs,-1.5,MCu,438.0,510.0,-14.117647058823529
KNs,-1.5,MS,109.0,122.0,-10.655737704918032
KNs,-1.5,QLl,295.0,318.0,-7.232704402515723
KNs,-1.5,QLq,172.0,177.0,-2.824858757062147
KNs,-1.5,SNs,6.0,8.0,-25.0
KNs,-1.5,KNa,455.0,533.0,-14.634146341463413
KNs,-1.5,KNc,338.0,345.0,-2.0289855072463765
KNs,-1.5,KNf,269.0,292.0,-7.876712328767123
KNs,-1.5,KNn,236.0,290.0,-18.620689655172416
KNs,-1.5,KNs,306.0,350.0,-12.571428571428573
KNs,-1.5,AT,380.0,440.0,-13.636363636363635
KNs,-1.5,VO,288.0,316.0,-8.860759493670885
KNs,-1.0,AS,394.0,429.0,-8.158508158508159
KNs,-1.0,CEc,466.0,492.0,-5.284552845528456
KNs,-1.0,CEe,35.0,38.0,-7.894736842105263
KNs,-1.0,CL,324.0,348.0,-6.896551724137931
KNs,-1.0,MCr,293.0,307.0,-4.5602605863192185
KNs,-1.0,MCt,469.0,498.0,-5.8232931726907635
KNs,-1.0,MCu,472.0,510.0,-7.450980392156863
KNs,-1.0,MS,114.0,122.0,-6.557377049180328
KNs,-1.0,QLl,311.0,318.0,-2.20125786163522
KNs,-1.0,QLq,189.0,177.0,6.779661016949152
KNs,-1.0,SNs,8.0,8.0,0.0
KNs,-1.0,KNa,484.0,533.0,-9.193245778611631
KNs,-1.0,KNc,333.0,345.0,-3.4782608695652173
KNs,-1.0,KNf,301.0,292.0,3.0821917808219177
KNs,-1.0,KNn,261.0,290.0,-10.0
KNs,-1.0,KNs,320.0,350.0,-8.571428571428571
KNs,-1.0,AT,408.0,440.0,-7.2727272727272725
KNs,-1.0,VO,305.0,316.0,-3.481012658227848
KNs,0.0,AS,429.0,429.0,0.0
KNs,0.0,CEc,492.0,492.0,0.0
KNs,0.0,CEe,38.0,38.0,0.0
KNs,0.0,CL,348.0,348.0,0.0
KNs,0.0,MCr,307.0,307.0,0.0
KNs,0.0,MCt,498.0,498.0,0.0
KNs,0.0,MCu,510.0,510.0,0.0
KNs,0.0,MS,122.0,122.0,0.0
KNs,0.0,QLl,318.0,318.0,0.0
KNs,0.0,QLq,177.0,177.0,0.0
KNs,0.0,SNs,8.0,8.0,0.0
KNs,0.0,KNa,533.0,533.0,0.0
KNs,0.0,KNc,345.0,345.0,0.0
KNs,0.0,KNf,292.0,292.0,0.0
KNs,0.0,KNn,290.0,290.0,0.0
KNs,0.0,KNs,350.0,350.0,0.0
KNs,0.0,AT,440.0,440.0,0.0
KNs,0.0,VO,316.0,316.0,0.0
KNs,0.5,AS,429.0,429.0,0.0
KNs,0.5,CEc,493.0,492.0,0.20325203252032523
KNs,0.5,CEe,40.0,38.0,5.263157894736842
KNs,0.5,CL,355.0,348.0,2.0114942528735633
KNs,0.5,MCr,312.0,307.0,1.6286644951140066
KNs,0.5,MCt,503.0,498.0,1.0040160642570282
KNs,0.5,MCu,511.0,510.0,0.19607843137254902
KNs,0.5,MS,122.0,122.0,0.0
KNs,0.5,QLl,328.0,318.0,3.1446540880503147
KNs,0.5,QLq,179.0,177.0,1.1299435028248588
KNs,0.5,SNs,8.0,8.0,0.0
KNs,0.5,KNa,526.0,533.0,-1.3133208255159476
KNs,0.5,KNc,338.0,345.0,-2.0289855072463765
KNs,0.5,KNf,292.0,292.0,0.0
KNs,0.5,KNn,278.0,290.0,-4.137931034482759
KNs,0.5,KNs,351.0,350.0,0.2857142857142857
KNs,0.5,AT,441.0,440.0,0.22727272727272727
KNs,0.5,VO,319.0,316.0,0.949367088607595
MCr,-3.0,AS,332.0,429.0,-22.61072261072261
MCr,-3.0,CEc,405.0,492.0,-17.682926829268293
MCr,-3.0,CEe,35.0,38.0,-7.894736842105263
MCr,-3.0,CL,291.0,348.0,-16.379310344827587
MCr,-3.0,MCr,258.0,307.0,-15.960912052117262
MCr,-3.0,MCt,404.0,498.0,-18.87550200803213
MCr,-3.0,MCu,396.0,510.0,-22.35294117647059
MCr,-3.0,MS,108.0,122.0,-11.475409836065573
MCr,-3.0,QLl,262.0,318.0,-17.61006289308176
MCr,-3.0,QLq,139.0,177.0,-21.468926553672315
MCr,-3.0,SNs,8.0,8.0,0.0
MCr,-3.0,KNa,402.0,533.0,-24.577861163227016
MCr,-3.0,KNc,295.0,345.0,-14.492753623188406
MCr,-3.0,KNf,230.0,292.0,-21.232876712328768
MCr,-3.0,KNn,206.0,290.0,-28.965517241379313
MCr,-3.0,KNs,296.0,350.0,-15.428571428571427
MCr,-3.0,AT,345.0,440.0,-21.59090909090909
MCr,-3.0,VO,258.0,316.0,-18.354430379746837
MCr,-2.0,AS,372.0,429.0,-13.286713286713287
MCr,-2.0,CEc,447.0,492.0,-9.146341463414634
MCr,-2.0,CEe,40.0,38.0,5.263157894736842
MCr,-2.0,CL,316.0,348.0,-9.195402298850574
MCr,-2.0,MCr,285.0,307.0,-7.166123778501629
MCr,-2.0,MCt,442.0,498.0,-11.244979919678714
MCr,-2.0,MCu,445.0,510.0,-12.745098039215685
MCr,-2.0,MS,114.0,122.0,-6.557377049180328
MCr,-2.0,QLl,293.0,318.0,-7.861635220125786
MCr,-2.0,QLq,157.0,177.0,-11.299435028248588
MCr,-2.0,SNs,10.0,8.0,25.0
MCr,-2.0,KNa,457.0,533.0,-14.258911819887429
MCr,-2.0,KNc,326.0,345.0,-5.507246376811594
MCr,-2.0,KNf,263.0,292.0,-9.931506849315069
MCr,-2.0,KNn,235.0,290.0,-18.96551724137931
MCr,-2.0,KNs,325.0,350.0,-7.142857142857142
MCr,-2.0,AT,384.0,440.0,-12.727272727272727
MCr,-2.0,VO,287.0,316.0,-9.177215189873419
MCr,-1.5,AS,377.0,429.0,-12.121212121212121
MCr,-1.5,CEc,452.0,492.0,-8.130081300813007
MCr,-1.5,CEe,40.0,38.0,5.263157894736842
MCr,-1.5,CL,321.0,348.0,-7.758620689655173
MCr,-1.5,MCr,286.0,307.0,-6.840390879478828
MCr,-1.5,MCt,451.0,498.0,-9.437751004016064
MCr,-1.5,MCu,454.0,510.0,-10.980392156862745
MCr,-1.5,MS,123.0,122.0,0.819672131147541
MCr,-1.5,QLl,299.0,318.0,-5.9748427672955975
MCr,-1.5,QLq,155.0,177.0,-12.429378531073446
MCr,-1.5,SNs,10.0,8.0,25.0
MCr,-1.5,KNa,466.0,533.0,-12.570356472795496
MCr,-1.5,KNc,324.0,345.0,-6.086956521739131
MCr,-1.5,KNf,263.0,292.0,-9.931506849315069
MCr,-1.5,KNn,244.0,290.0,-15.862068965517242
MCr,-1.5,KNs,326.0,350.0,-6.857142857142858
MCr,-1.5,AT,394.0,440.0,-10.454545454545453
MCr,-1.5,VO,294.0,316.0,-6.962025316455696
MCr,-1.0,AS,404.0,429.0,-5.827505827505827
MCr,-1.0,CEc,474.0,492.0,-3.6585365853658534
MCr,-1.0,CEe,40.0,38.0,5.263157894736842
MCr,-1.0,CL,336.0,348.0,-3.4482758620689653
MCr,-1.0,MCr,300.0,307.0,-2.2801302931596092
MCr,-1.0,MCt,475.0,498.0,-4.618473895582329
MCr,-1.0,MCu,478.0,510.0,-6.2745098039215685
MCr,-1.0,MS,123.0,122.0,0.819672131147541
MCr,-1.0,QLl,312.0,318.0,-1.8867924528301887
MCr,-1.0,QLq,166.0,177.0,-6.214689265536723
MCr,-1.0,SNs,8.0,8.0,0.0
MCr,-1.0,KNa,492.0,533.0,-7.6923076923076925
MCr,-1.0,KNc,344.0,345.0,-0.2898550724637681
MCr,-1.0,KNf,270.0,292.0,-7.534246575342466
MCr,-1.0,KNn,258.0,290.0,-11.03448275862069
MCr,-1.0,KNs,342.0,350.0,-2.2857142857142856
MCr,-1.0,AT,413.0,440.0,-6.136363636363637
MCr,-1.0,VO,306.0,316.0,-3.1645569620253164
MCr,0.0,AS,429.0,429.0,0.0
MCr,0.0,CEc,492.0,492.0,0.0
MCr,0.0,CEe,38.0,38.0,0.0
MCr,0.0,CL,348.0,348.0,0.0
MCr,0.0,MCr,307.0,307.0,0.0
MCr,0.0,MCt,498.0,498.0,0.0
MCr,0.0,MCu,510.0,510.0,0.0
MCr,0.0,MS,122.0,122.0,0.0
MCr,0.0,QLl,318.0,318.0,0.0
MCr,0.0,QLq,177.0,177.0,0.0
MCr,0.0,SNs,8.0,8.0,0.0
MCr,0.0,KNa,533.0,533.0,0.0
MCr,0.0,KNc,345.0,345.0,0.0
MCr,0.0,KNf,292.0,292.0,0.0
MCr,0.0,KNn,290.0,290.0,0.0
MCr,0.0,KNs,350.0,350.0,0.0
MCr,0.0,AT,440.0,440.0,0.0
MCr,0.0,VO,316.0,316.0,0.0
MCr,0.5,AS,424.0,429.0,-1.1655011655011656
MCr,0.5,CEc,488.0,492.0,-0.8130081300813009
MCr,0.5,CEe,37.0,38.0,-2.631578947368421
MCr,0.5,CL,345.0,348.0,-0.8620689655172413
MCr,0.5,MCr,310.0,307.0,0.9771986970684038
MCr,0.5,MCt,493.0,498.0,-1.0040160642570282
MCr,0.5,MCu,505.0,510.0,-0.9803921568627451
MCr,0.5,MS,119.0,122.0,-2.459016393442623
MCr,0.5,QLl,317.0,318.0,-0.3144654088050315
MCr,0.5,QLq,167.0,177.0,-5.649717514124294
MCr,0.5,SNs,8.0,8.0,0.0
MCr,0.5,KNa,526.0,533.0,-1.3133208255159476
MCr,0.5,KNc,344.0,345.0,-0.2898550724637681
MCr,0.5,KNf,281.0,292.0,-3.767123287671233
MCr,0.5,KNn,285.0,290.0,-1.7241379310344827
MCr,0.5,KNs,351.0,350.0,0.2857142857142857
MCr,0.5,AT,434.0,440.0,-1.3636363636363635
MCr,0.5,VO,312.0,316.0,-1.2658227848101267
MCt,-3.0,AS,312.0,429.0,-27.27272727272727
MCt,-3.0,CEc,382.0,492.0,-22.35772357723577
MCt,-3.0,CEe,32.0,38.0,-15.789473684210526
MCt,-3.0,CL,261.0,348.0,-25.0
MCt,-3.0,MCr,232.0,307.0,-24.429967426710096
MCt,-3.0,MCt,383.0,498.0,-23.09236947791165
MCt,-3.0,MCu,364.0,510.0,-28.627450980392155
MCt,-3.0,MS,106.0,122.0,-13.114754098360656
MCt,-3.0,QLl,252.0,318.0,-20.754716981132077
MCt,-3.0,QLq,141.0,177.0,-20.33898305084746
MCt,-3.0,SNs,6.0,8.0,-25.0
MCt,-3.0,KNa,381.0,533.0,-28.517823639774857
MCt,-3.0,KNc,297.0,345.0,-13.91304347826087
MCt,-3.0,KNf,227.0,292.0,-22.26027397260274
MCt,-3.0,KNn,179.0,290.0,-38.275862068965516
MCt,-3.0,KNs,257.0,350.0,-26.571428571428573
MCt,-3.0,AT,322.0,440.0,-26.81818181818182
MCt,-3.0,VO,253.0,316.0,-19.936708860759495
MCt,-2.0,AS,369.0,429.0,-13.986013986013987
MCt,-2.0,CEc,446.0,492.0,-9.34959349593496
MCt,-2.0,CEe,40.0,38.0,5.263157894736842
MCt,-2.0,CL,310.0,348.0,-10.919540229885058
MCt,-2.0,MCr,280.0,307.0,-8.794788273615636
MCt,-2.0,MCt,449.0,498.0,-9.839357429718875
MCt,-2.0,MCu,439.0,510.0,-13.92156862745098
MCt,-2.0,MS,126.0,122.0,3.278688524590164
MCt,-2.0,QLl,296.0,318.0,-6.918238993710692
MCt,-2.0,QLq,157.0,177.0,-11.299435028248588
MCt,-2.0,SNs,8.0,8.0,0.0
MCt,-2.0,KNa,454.0,533.0,-14.821763602251407
MCt,-2.0,KNc,344.0,345.0,-0.2898550724637681
MCt,-2.0,KNf,256.0,292.0,-12.32876712328767
MCt,-2.0,KNn,229.0,290.0,-21.03448275862069
MCt,-2.0,KNs,312.0,350.0,-10.857142857142858
MCt,-2.0,AT,389.0,440.0,-11.59090909090909
MCt,-2.0,VO,289.0,316.0,-8.544303797468354
MCt,-1.5,AS,372.0,429.0,-13.286713286713287
MCt,-1.5,CEc,452.0,492.0,-8.130081300813007
MCt,-1.5,CEe,40.0,38.0,5.263157894736842
MCt,-1.5,CL,319.0,348.0,-8.333333333333332
MCt,-1.5,MCr,286.0,307.0,-6.840390879478828
MCt,-1.5,MCt,462.0,498.0,-7.228915662650602
MCt,-1.5,MCu,452.0,510.0,-11.372549019607844
MCt,-1.5,MS,127.0,122.0,4.098360655737705
MCt,-1.5,QLl,303.0,318.0,-4.716981132075472
MCt,-1.5,QLq,159.0,177.0,-10.16949152542373
MCt,-1.5,SNs,8.0,8.0,0.0
MCt,-1.5,KNa,460.0,533.0,-13.696060037523452
MCt,-1.5,KNc,341.0,345.0,-1.1594202898550725
MCt,-1.5,KNf,258.0,292.0,-11.643835616438356
MCt,-1.5,KNn,232.0,290.0,-20.0
MCt,-1.5,KNs,319.0,350.0,-8.857142857142856
MCt,-1.5,AT,402.0,440.0,-8.636363636363637
MCt,-1.5,VO,292.0,316.0,-7.59493670886076
MCt,-1.0,AS,409.0,429.0,-4.662004662004662
MCt,-1.0,CEc,480.0,492.0,-2.4390243902439024
MCt,-1.0,CEe,38.0,38.0,0.0
MCt,-1.0,CL,338.0,348.0,-2.8735632183908044
MCt,-1.0,MCr,300.0,307.0,-2.2801302931596092
MCt,-1.0,MCt,488.0,498.0,-2.0080321285140563
MCt,-1.0,MCu,484.0,510.0,-5.098039215686274
MCt,-1.0,MS,125.0,122.0,2.459016393442623
MCt,-1.0,QLl,317.0,318.0,-0.3144654088050315
MCt,-1.0,QLq,169.0,177.0,-4.519774011299435
MCt,-1.0,SNs,8.0,8.0,0.0
MCt,-1.0,KNa,491.0,533.0,-7.879924953095685
MCt,-1.0,KNc,345.0,345.0,0.0
MCt,-1.0,KNf,278.0,292.0,-4.794520547945205
MCt,-1.0,KNn,251.0,290.0,-13.448275862068964
MCt,-1.0,KNs,343.0,350.0,-2.0
MCt,-1.0,AT,425.0,440.0,-3.4090909090909087
MCt,-1.0,VO,310.0,316.0,-1.89873417721519
MCt,0.0,AS,429.0,429.0,0.0
MCt,0.0,CEc,492.0,492.0,0.0
MCt,0.0,CEe,38.0,38.0,0.0
MCt,0.0,CL,348.0,348.0,0.0
MCt,0.0,MCr,307.0,307.0,0.0
MCt,0.0,MCt,498.0,498.0,0.0
MCt,0.0,MCu,510.0,510.0,0.0
MCt,0.0,MS,122.0,122.0,0.0
MCt,0.0,QLl,318.0,318.0,0.0
MCt,0.0,QLq,177.0,177.0,0.0
MCt,0.0,SNs,8.0,8.0,0.0
MCt,0.0,KNa,533.0,533.0,0.0
MCt,0.0,KNc,345.0,345.0,0.0
MCt,0.0,KNf,292.0,292.0,0.0
MCt,0.0,KNn,290.0,290.0,0.0
MCt,0.0,KNs,350.0,350.0,0.0
MCt,0.0,AT,440.0,440.0,0.0
MCt,0.0,VO,316.0,316.0,0.0
MCt,0.5,AS,432.0,429.0,0.6993006993006993
MCt,0.5,CEc,496.0,492.0,0.8130081300813009
MCt,0.5,CEe,40.0,38.0,5.263157894736842
MCt,0.5,CL,354.0,348.0,1.7241379310344827
MCt,0.5,MCr,316.0,307.0,2.9315960912052117
MCt,0.5,MCt,501.0,498.0,0.6024096385542169
MCt,0.5,MCu,517.0,510.0,1.3725490196078431
MCt,0.5,MS,122.0,122.0,0.0
MCt,0.5,QLl,326.0,318.0,2.515723270440252
MCt,0.5,QLq,176.0,177.0,-0.5649717514124294
MCt,0.5,SNs,8.0,8.0,0.0
MCt,0.5,KNa,531.0,533.0,-0.37523452157598497
MCt,0.5,KNc,344.0,345.0,-0.2898550724637681
MCt,0.5,KNf,289.0,292.0,-1.0273972602739725
MCt,0.5,KNn,290.0,290.0,0.0
MCt,0.5,KNs,353.0,350.0,0.8571428571428572
MCt,0.5,AT,444.0,440.0,0.9090909090909091
MCt,0.5,VO,316.0,316.0,0.0
MCu,-3.0,AS,322.0,429.0,-24.941724941724942
MCu,-3.0,CEc,399.0,492.0,-18.902439024390244
MCu,-3.0,CEe,31.0,38.0,-18.421052631578945
MCu,-3.0,CL,288.0,348.0,-17.24137931034483
MCu,-3.0,MCr,236.0,307.0,-23.12703583061889
MCu,-3.0,MCt,406.0,498.0,-18.473895582329316
MCu,-3.0,MCu,392.0,510.0,-23.137254901960784
MCu,-3.0,MS,119.0,122.0,-2.459016393442623
MCu,-3.0,QLl,272.0,318.0,-14.465408805031446
MCu,-3.0,QLq,149.0,177.0,-15.819209039548024
MCu,-3.0,SNs,8.0,8.0,0.0
MCu,-3.0,KNa,410.0,533.0,-23.076923076923077
MCu,-3.0,KNc,318.0,345.0,-7.82608695652174
MCu,-3.0,KNf,226.0,292.0,-22.602739726027394
MCu,-3.0,KNn,200.0,290.0,-31.03448275862069
MCu,-3.0,KNs,289.0,350.0,-17.42857142857143
MCu,-3.0,AT,354.0,440.0,-19.545454545454547
MCu,-3.0,VO,266.0,316.0,-15.822784810126583
MCu,-2.0,AS,382.0,429.0,-10.955710955710956
MCu,-2.0,CEc,458.0,492.0,-6.910569105691057
MCu,-2.0,CEe,37.0,38.0,-2.631578947368421
MCu,-2.0,CL,337.0,348.0,-3.1609195402298855
MCu,-2.0,MCr,290.0,307.0,-5.537459283387622
MCu,-2.0,MCt,475.0,498.0,-4.618473895582329
MCu,-2.0,MCu,464.0,510.0,-9.019607843137255
MCu,-2.0,MS,129.0,122.0,5.737704918032787
MCu,-2.0,QLl,316.0,318.0,-0.628930817610063
MCu,-2.0,QLq,179.0,177.0,1.1299435028248588
MCu,-2.0,SNs,10.0,8.0,25.0
MCu,-2.0,KNa,471.0,533.0,-11.632270168855536
MCu,-2.0,KNc,348.0,345.0,0.8695652173913043
MCu,-2.0,KNf,270.0,292.0,-7.534246575342466
MCu,-2.0,KNn,242.0,290.0,-16.551724137931036
MCu,-2.0,KNs,322.0,350.0,-8.0
MCu,-2.0,AT,413.0,440.0,-6.136363636363637
MCu,-2.0,VO,307.0,316.0,-2.848101265822785
MCu,-1.5,AS,400.0,429.0,-6.75990675990676
MCu,-1.5,CEc,480.0,492.0,-2.4390243902439024
MCu,-1.5,CEe,37.0,38.0,-2.631578947368421
MCu,-1.5,CL,339.0,348.0,-2.586206896551724
MCu,-1.5,MCr,305.0,307.0,-0.6514657980456027
MCu,-1.5,MCt,488.0,498.0,-2.0080321285140563
MCu,-1.5,MCu,488.0,510.0,-4.313725490196078
MCu,-1.5,MS,125.0,122.0,2.459016393442623
MCu,-1.5,QLl,324.0,318.0,1.8867924528301887
MCu,-1.5,QLq,183.0,177.0,3.389830508474576
MCu,-1.5,SNs,10.0,8.0,25.0
MCu,-1.5,KNa,504.0,533.0,-5.440900562851782
MCu,-1.5,KNc,356.0,345.0,3.1884057971014492
MCu,-1.5,KNf,283.0,292.0,-3.0821917808219177
MCu,-1.5,KNn,261.0,290.0,-10.0
MCu,-1.5,KNs,337.0,350.0,-3.7142857142857144
MCu,-1.5,AT,426.0,440.0,-3.1818181818181817
MCu,-1.5,VO,319.0,316.0,0.949367088607595
MCu,-1.0,AS,414.0,429.0,-3.4965034965034967
MCu,-1.0,CEc,481.0,492.0,-2.2357723577235773
MCu,-1.0,CEe,37.0,38.0,-2.631578947368421
MCu,-1.0,CL,338.0,348.0,-2.8735632183908044
MCu,-1.0,MCr,304.0,307.0,-0.9771986970684038
MCu,-1.0,MCt,485.0,498.0,-2.610441767068273
MCu,-1.0,MCu,485.0,510.0,-4.901960784313726
MCu,-1.0,MS,123.0,122.0,0.819672131147541
MCu,-1.0,QLl,319.0,318.0,0.3144654088050315
MCu,-1.0,QLq,178.0,177.0,0.5649717514124294
MCu,-1.0,SNs,10.0,8.0,25.0
MCu,-1.0,KNa,508.0,533.0,-4.690431519699812
MCu,-1.0,KNc,346.0,345.0,0.2898550724637681
MCu,-1.0,KNf,283.0,292.0,-3.0821917808219177
MCu,-1.0,KNn,269.0,290.0,-7.241379310344828
MCu,-1.0,KNs,343.0,350.0,-2.0
MCu,-1.0,AT,427.0,440.0,-2.9545454545454546
MCu,-1.0,VO,315.0,316.0,-0.31645569620253167
MCu,0.0,AS,429.0,429.0,0.0
MCu,0.0,CEc,492.0,492.0,0.0
MCu,0.0,CEe,38.0,38.0,0.0
MCu,0.0,CL,348.0,348.0,0.0
MCu,0.0,MCr,307.0,307.0,0.0
MCu,0.0,MCt,498.0,498.0,0.0
MCu,0.0,MCu,510.0,510.0,0.0
MCu,0.0,MS,122.0,122.0,0.0
MCu,0.0,QLl,318.0,318.0,0.0
MCu,0.0,QLq,177.0,177.0,0.0
MCu,0.0,SNs,8.0,8.0,0.0
MCu,0.0,KNa,533.0,533.0,0.0
MCu,0.0,KNc,345.0,345.0,0.0
MCu,0.0,KNf,292.0,292.0,0.0
MCu,0.0,KNn,290.0,290.0,0.0
MCu,0.0,KNs,350.0,350.0,0.0
MCu,0.0,AT,440.0,440.0,0.0
MCu,0.0,VO,316.0,316.0,0.0
MCu,0.5,AS,435.0,429.0,1.3986013986013985
MCu,0.5,CEc,499.0,492.0,1.4227642276422763
MCu,0.5,CEe,40.0,38.0,5.263157894736842
MCu,0.5,CL,357.0,348.0,2.586206896551724
MCu,0.5,MCr,319.0,307.0,3.908794788273615
MCu,0.5,MCt,506.0,498.0,1.6064257028112447
MCu,0.5,MCu,520.0,510.0,1.9607843137254901
MCu,0.5,MS,122.0,122.0,0.0
MCu,0.5,QLl,329.0,318.0,3.459119496855346
MCu,0.5,QLq,182.0,177.0,2.824858757062147
MCu,0.5,SNs,8.0,8.0,0.0
MCu,0.5,KNa,535.0,533.0,0.37523452157598497
MCu,0.5,KNc,344.0,345.0,-0.2898550724637681
MCu,0.5,KNf,293.0,292.0,0.3424657534246575
MCu,0.5,KNn,294.0,290.0,1.3793103448275863
MCu,0.5,KNs,353.0,350.0,0.8571428571428572
MCu,0.5,AT,447.0,440.0,1.5909090909090908
MCu,0.5,VO,318.0,316.0,0.6329113924050633
MS,-3.0,AS,356.0,429.0,-17.016317016317018
MS,-3.0,CEc,455.0,492.0,-7.520325203252034
MS,-3.0,CEe,37.0,38.0,-2.631578947368421
MS,-3.0,CL,319.0,348.0,-8.333333333333332
MS,-3.0,MCr,270.0,307.0,-12.052117263843648
MS,-3.0,MCt,458.0,498.0,-8.032128514056225
MS,-3.0,MCu,436.0,510.0,-14.50980392156863
MS,-3.0,MS,111.0,122.0,-9.01639344262295
MS,-3.0,QLl,307.0,318.0,-3.459119496855346
MS,-3.0,QLq,180.0,177.0,1.694915254237288
MS,-3.0,SNs,8.0,8.0,0.0
MS,-3.0,KNa,449.0,533.0,-15.75984990619137
MS,-3.0,KNc,323.0,345.0,-6.3768115942028984
MS,-3.0,KNf,287.0,292.0,-1.7123287671232876
MS,-3.0,KNn,241.0,290.0,-16.896551724137932
MS,-3.0,KNs,289.0,350.0,-17.42857142857143
MS,-3.0,AT,390.0,440.0,-11.363636363636363
MS,-3.0,VO,294.0,316.0,-6.962025316455696
MS,-2.0,AS,391.0,429.0,-8.857808857808857
MS,-2.0,CEc,482.0,492.0,-2.0325203252032518
MS,-2.0,CEe,40.0,38.0,5.263157894736842
MS,-2.0,CL,333.0,348.0,-4.310344827586207
MS,-2.0,MCr,294.0,307.0,-4.234527687296417
MS,-2.0,MCt,487.0,498.0,-2.208835341365462
MS,-2.0,MCu,474.0,510.0,-7.0588235294117645
MS,-2.0,MS,122.0,122.0,0.0
MS,-2.0,QLl,320.0,318.0,0.628930817610063
MS,-2.0,QLq,188.0,177.0,6.214689265536723
MS,-2.0,SNs,8.0,8.0,0.0
MS,-2.0,KNa,490.0,533.0,-8.067542213883677
MS,-2.0,KNc,356.0,345.0,3.1884057971014492
MS,-2.0,KNf,293.0,292.0,0.3424657534246575
MS,-2.0,KNn,252.0,290.0,-13.10344827586207
MS,-2.0,KNs,317.0,350.0,-9.428571428571429
MS,-2.0,AT,414.0,440.0,-5.909090909090909
MS,-2.0,VO,316.0,316.0,0.0
MS,-1.5,AS,399.0,429.0,-6.993006993006993
MS,-1.5,CEc,481.0,492.0,-2.2357723577235773
MS,-1.5,CEe,40.0,38.0,5.263157894736842
MS,-1.5,CL,334.0,348.0,-4.022988505747127
MS,-1.5,MCr,299.0,307.0,-2.6058631921824107
MS,-1.5,MCt,484.0,498.0,-2.8112449799196786
MS,-1.5,MCu,478.0,510.0,-6.2745098039215685
MS,-1.5,MS,124.0,122.0,1.639344262295082
MS,-1.5,QLl,320.0,318.0,0.628930817610063
MS,-1.5,QLq,182.0,177.0,2.824858757062147
MS,-1.5,SNs,8.0,8.0,0.0
MS,-1.5,KNa,489.0,533.0,-8.25515947467167
MS,-1.5,KNc,366.0,345.0,6.086956521739131
MS,-1.5,KNf,287.0,292.0,-1.7123287671232876
MS,-1.5,KNn,259.0,290.0,-10.689655172413794
MS,-1.5,KNs,323.0,350.0,-7.7142857142857135
MS,-1.5,AT,420.0,440.0,-4.545454545454546
MS,-1.5,VO,315.0,316.0,-0.31645569620253167
MS,-1.0,AS,427.0,429.0,-0.4662004662004662
MS,-1.0,CEc,506.0,492.0,2.8455284552845526
MS,-1.0,CEe,40.0,38.0,5.263157894736842
MS,-1.0,CL,357.0,348.0,2.586206896551724
MS,-1.0,MCr,318.0,307.0,3.5830618892508146
MS,-1.0,MCt,517.0,498.0,3.815261044176707
MS,-1.0,MCu,514.0,510.0,0.7843137254901961
MS,-1.0,MS,130.0,122.0,6.557377049180328
MS,-1.0,QLl,337.0,318.0,5.9748427672955975
MS,-1.0,QLq,197.0,177.0,11.299435028248588
MS,-1.0,SNs,10.0,8.0,25.0
MS,-1.0,KNa,534.0,533.0,0.18761726078799248
MS,-1.0,KNc,363.0,345.0,5.217391304347826
MS,-1.0,KNf,309.0,292.0,5.821917808219178
MS,-1.0,KNn,272.0,290.0,-6.206896551724138
MS,-1.0,KNs,353.0,350.0,0.8571428571428572
MS,-1.0,AT,451.0,440.0,2.5
MS,-1.0,VO,336.0,316.0,6.329113924050633
MS,0.0,AS,429.0,429.0,0.0
MS,0.0,CEc,492.0,492.0,0.0
MS,0.0,CEe,38.0,38.0,0.0
MS,0.0,CL,348.0,348.0,0.0
MS,0.0,MCr,307.0,307.0,0.0
MS,0.0,MCt,498.0,498.0,0.0
MS,0.0,MCu,510.0,510.0,0.0
MS,0.0,MS,122.0,122.0,0.0
MS,0.0,QLl,318.0,318.0,0.0
MS,0.0,QLq,177.0,177.0,0.0
MS,0.0,SNs,8.0,8.0,0.0
MS,0.0,KNa,533.0,533.0,0.0
MS,0.0,KNc,345.0,345.0,0.0
MS,0.0,KNf,292.0,292.0,0.0
MS,0.0,KNn,290.0,290.0,0.0
MS,0.0,KNs,350.0,350.0,0.0
MS,0.0,AT,440.0,440.0,0.0
MS,0.0,VO,316.0,316.0,0.0
MS,0.5,AS,426.0,429.0,-0.6993006993006993
MS,0.5,CEc,487.0,492.0,-1.0162601626016259
MS,0.5,CEe,37.0,38.0,-2.631578947368421
MS,0.5,CL,345.0,348.0,-0.8620689655172413
MS,0.5,MCr,309.0,307.0,0.6514657980456027
MS,0.5,MCt,492.0,498.0,-1.2048192771084338
MS,0.5,MCu,506.0,510.0,-0.7843137254901961
MS,0.5,MS,119.0,122.0,-2.459016393442623
MS,0.5,QLl,316.0,318.0,-0.628930817610063
MS,0.5,QLq,167.0,177.0,-5.649717514124294
MS,0.5,SNs,8.0,8.0,0.0
MS,0.5,KNa,531.0,533.0,-0.37523452157598497
MS,0.5,KNc,339.0,345.0,-1.7391304347826086
MS,0.5,KNf,280.0,292.0,-4.10958904109589
MS,0.5,KNn,286.0,290.0,-1.3793103448275863
MS,0.5,KNs,351.0,350.0,0.2857142857142857
MS,0.5,AT,434.0,440.0,-1.3636363636363635
MS,0.5,VO,309.0,316.0,-2.2151898734177213
QLl,-3.0,AS,194.0,429.0,-54.77855477855478
QLl,-3.0,CEc,235.0,492.0,-52.235772357723576
QLl,-3.0,CEe,26.0,38.0,-31.57894736842105
QLl,-3.0,CL,171.0,348.0,-50.86206896551724
QLl,-3.0,MCr,142.0,307.0,-53.74592833876222
QLl,-3.0,MCt,233.0,498.0,-53.21285140562249
QLl,-3.0,MCu,223.0,510.0,-56.27450980392157
QLl,-3.0,MS,76.0,122.0,-37.704918032786885
QLl,-3.0,QLl,156.0,318.0,-50.943396226415096
QLl,-3.0,QLq,72.0,177.0,-59.32203389830508
QLl,-3.0,SNs,4.0,8.0,-50.0
QLl,-3.0,KNa,213.0,533.0,-60.0375234521576
QLl,-3.0,KNc,178.0,345.0,-48.40579710144928
QLl,-3.0,KNf,129.0,292.0,-55.821917808219176
QLl,-3.0,KNn,85.0,290.0,-70.6896551724138
QLl,-3.0,KNs,167.0,350.0,-52.28571428571429
QLl,-3.0,AT,189.0,440.0,-57.04545454545455
QLl,-3.0,VO,161.0,316.0,-49.050632911392405
QLl,-2.0,AS,320.0,429.0,-25.407925407925408
QLl,-2.0,CEc,397.0,492.0,-19.308943089430894
QLl,-2.0,CEe,32.0,38.0,-15.789473684210526
QLl,-2.0,CL,278.0,348.0,-20.114942528735632
QLl,-2.0,MCr,252.0,307.0,-17.91530944625407
QLl,-2.0,MCt,397.0,498.0,-20.281124497991968
QLl,-2.0,MCu,388.0,510.0,-23.92156862745098
QLl,-2.0,MS,107.0,122.0,-12.295081967213115
QLl,-2.0,QLl,258.0,318.0,-18.867924528301888
QLl,-2.0,QLq,130.0,177.0,-26.55367231638418
QLl,-2.0,SNs,8.0,8.0,0.0
QLl,-2.0,KNa,383.0,533.0,-28.142589118198874
QLl,-2.0,KNc,306.0,345.0,-11.304347826086957
QLl,-2.0,KNf,219.0,292.0,-25.0
QLl,-2.0,KNn,199.0,290.0,-31.379310344827587
QLl,-2.0,KNs,291.0,350.0,-16.857142857142858
QLl,-2.0,AT,343.0,440.0,-22.045454545454547
QLl,-2.0,VO,265.0,316.0,-16.139240506329113
QLl,-1.5,AS,351.0,429.0,-18.181818181818183
QLl,-1.5,CEc,429.0,492.0,-12.804878048780488
QLl,-1.5,CEe,37.0,38.0,-2.631578947368421
QLl,-1.5,CL,294.0,348.0,-15.517241379310345
QLl,-1.5,MCr,271.0,307.0,-11.726384364820847
QLl,-1.5,MCt,433.0,498.0,-13.052208835341366
QLl,-1.5,MCu,417.0,510.0,-18.235294117647058
QLl,-1.5,MS,124.0,122.0,1.639344262295082
QLl,-1.5,QLl,271.0,318.0,-14.779874213836477
QLl,-1.5,QLq,141.0,177.0,-20.33898305084746
QLl,-1.5,SNs,8.0,8.0,0.0
QLl,-1.5,KNa,427.0,533.0,-19.887429643527206
QLl,-1.5,KNc,333.0,345.0,-3.4782608695652173
QLl,-1.5,KNf,234.0,292.0,-19.863013698630137
QLl,-1.5,KNn,224.0,290.0,-22.758620689655174
QLl,-1.5,KNs,312.0,350.0,-10.857142857142858
QLl,-1.5,AT,368.0,440.0,-16.363636363636363
QLl,-1.5,VO,280.0,316.0,-11.39240506329114
QLl,-1.0,AS,380.0,429.0,-11.421911421911423
QLl,-1.0,CEc,450.0,492.0,-8.536585365853659
QLl,-1.0,CEe,40.0,38.0,5.263157894736842
QLl,-1.0,CL,311.0,348.0,-10.632183908045976
QLl,-1.0,MCr,282.0,307.0,-8.143322475570033
QLl,-1.0,MCt,449.0,498.0,-9.839357429718875
QLl,-1.0,MCu,451.0,510.0,-11.568627450980392
QLl,-1.0,MS,121.0,122.0,-0.819672131147541
QLl,-1.0,QLl,289.0,318.0,-9.119496855345911
QLl,-1.0,QLq,150.0,177.0,-15.254237288135593
QLl,-1.0,SNs,8.0,8.0,0.0
QLl,-1.0,KNa,465.0,533.0,-12.757973733583489
QLl,-1.0,KNc,325.0,345.0,-5.797101449275362
QLl,-1.0,KNf,253.0,292.0,-13.356164383561644
QLl,-1.0,KNn,245.0,290.0,-15.517241379310345
QLl,-1.0,KNs,323.0,350.0,-7.7142857142857135
QLl,-1.0,AT,391.0,440.0,-11.136363636363637
QLl,-1.0,VO,292.0,316.0,-7.59493670886076
QLl,0.0,AS,429.0,429.0,0.0
QLl,0.0,CEc,492.0,492.0,0.0
QLl,0.0,CEe,38.0,38.0,0.0
QLl,0.0,CL,348.0,348.0,0.0
QLl,0.0,MCr,307.0,307.0,0.0
QLl,0.0,MCt,498.0,498.0,0.0
QLl,0.0,MCu,510.0,510.0,0.0
QLl,0.0,MS,122.0,122.0,0.0
QLl,0.0,QLl,318.0,318.0,0.0
QLl,0.0,QLq,177.0,177.0,0.0
QLl,0.0,SNs,8.0,8.0,0.0
QLl,0.0,KNa,533.0,533.0,0.0
QLl,0.0,KNc,345.0,345.0,0.0
QLl,0.0,KNf,292.0,292.0,0.0
QLl,0.0,KNn,290.0,290.0,0.0
QLl,0.0,KNs,350.0,350.0,0.0
QLl,0.0,AT,440.0,440.0,0.0
QLl,0.0,VO,316.0,316.0,0.0
QLl,0.5,AS,441.0,429.0,2.797202797202797
QLl,0.5,CEc,508.0,492.0,3.2520325203252036
QLl,0.5,CEe,40.0,38.0,5.263157894736842
QLl,0.5,CL,361.0,348.0,3.7356321839080464
QLl,0.5,MCr,323.0,307.0,5.211726384364821
QLl,0.5,MCt,514.0,498.0,3.2128514056224895
QLl,0.5,MCu,525.0,510.0,2.941176470588235
QLl,0.5,MS,122.0,122.0,0.0
QLl,0.5,QLl,334.0,318.0,5.031446540880504
QLl,0.5,QLq,188.0,177.0,6.214689265536723
QLl,0.5,SNs,8.0,8.0,0.0
QLl,0.5,KNa,539.0,533.0,1.125703564727955
QLl,0.5,KNc,356.0,345.0,3.1884057971014492
QLl,0.5,KNf,303.0,292.0,3.767123287671233
QLl,0.5,KNn,292.0,290.0,0.6896551724137931
QLl,0.5,KNs,355.0,350.0,1.4285714285714286
QLl,0.5,AT,453.0,440.0,2.9545454545454546
QLl,0.5,VO,323.0,316.0,2.2151898734177213
QLq,-3.0,AS,264.0,429.0,-38.46153846153847
QLq,-3.0,CEc,315.0,492.0,-35.97560975609756
QLq,-3.0,CEe,26.0,38.0,-31.57894736842105
QLq,-3.0,CL,236.0,348.0,-32.18390804597701
QLq,-3.0,MCr,205.0,307.0,-33.22475570032573
QLq,-3.0,MCt,318.0,498.0,-36.144578313253014
QLq,-3.0,MCu,316.0,510.0,-38.03921568627451
QLq,-3.0,MS,89.0,122.0,-27.049180327868854
QLq,-3.0,QLl,208.0,318.0,-34.59119496855346
QLq,-3.0,QLq,99.0,177.0,-44.06779661016949
QLq,-3.0,SNs,6.0,8.0,-25.0
QLq,-3.0,KNa,317.0,533.0,-40.52532833020638
QLq,-3.0,KNc,246.0,345.0,-28.695652173913043
QLq,-3.0,KNf,180.0,292.0,-38.35616438356164
QLq,-3.0,KNn,169.0,290.0,-41.724137931034484
QLq,-3.0,KNs,220.0,350.0,-37.142857142857146
QLq,-3.0,AT,277.0,440.0,-37.04545454545455
QLq,-3.0,VO,207.0,316.0,-34.49367088607595
QLq,-2.0,AS,333.0,429.0,-22.377622377622377
QLq,-2.0,CEc,393.0,492.0,-20.121951219512198
QLq,-2.0,CEe,29.0,38.0,-23.684210526315788
QLq,-2.0,CL,281.0,348.0,-19.25287356321839
QLq,-2.0,MCr,253.0,307.0,-17.58957654723127
QLq,-2.0,MCt,392.0,498.0,-21.285140562248998
QLq,-2.0,MCu,396.0,510.0,-22.35294117647059
QLq,-2.0,MS,106.0,122.0,-13.114754098360656
QLq,-2.0,QLl,252.0,318.0,-20.754716981132077
QLq,-2.0,QLq,128.0,177.0,-27.683615819209038
QLq,-2.0,SNs,8.0,8.0,0.0
QLq,-2.0,KNa,410.0,533.0,-23.076923076923077
QLq,-2.0,KNc,306.0,345.0,-11.304347826086957
QLq,-2.0,KNf,215.0,292.0,-26.36986301369863
QLq,-2.0,KNn,211.0,290.0,-27.241379310344826
QLq,-2.0,KNs,286.0,350.0,-18.285714285714285
QLq,-2.0,AT,345.0,440.0,-21.59090909090909
QLq,-2.0,VO,250.0,316.0,-20.88607594936709
QLq,-1.5,AS,354.0,429.0,-17.482517482517483
QLq,-1.5,CEc,416.0,492.0,-15.447154471544716
QLq,-1.5,CEe,38.0,38.0,0.0
QLq,-1.5,CL,298.0,348.0,-14.367816091954023
QLq,-1.5,MCr,263.0,307.0,-14.332247557003258
QLq,-1.5,MCt,414.0,498.0,-16.867469879518072
QLq,-1.5,MCu,421.0,510.0,-17.45098039215686
QLq,-1.5,MS,120.0,122.0,-1.639344262295082
QLq,-1.5,QLl,268.0,318.0,-15.723270440251572
QLq,-1.5,QLq,139.0,177.0,-21.468926553672315
QLq,-1.5,SNs,8.0,8.0,0.0
QLq,-1.5,KNa,431.0,533.0,-19.136960600375236
QLq,-1.5,KNc,321.0,345.0,-6.956521739130435
QLq,-1.5,KNf,229.0,292.0,-21.575342465753426
QLq,-1.5,KNn,226.0,290.0,-22.06896551724138
QLq,-1.5,KNs,306.0,350.0,-12.571428571428573
QLq,-1.5,AT,368.0,440.0,-16.363636363636363
QLq,-1.5,VO,265.0,316.0,-16.139240506329113
QLq,-1.0,AS,369.0,429.0,-13.986013986013987
QLq,-1.0,CEc,431.0,492.0,-12.398373983739837
QLq,-1.0,CEe,38.0,38.0,0.0
QLq,-1.0,CL,309.0,348.0,-11.206896551724139
QLq,-1.0,MCr,276.0,307.0,-10.097719869706841
QLq,-1.0,MCt,432.0,498.0,-13.253012048192772
QLq,-1.0,MCu,435.0,510.0,-14.705882352941178
QLq,-1.0,MS,118.0,122.0,-3.278688524590164
QLq,-1.0,QLl,277.0,318.0,-12.89308176100629
QLq,-1.0,QLq,144.0,177.0,-18.64406779661017
QLq,-1.0,SNs,8.0,8.0,0.0
QLq,-1.0,KNa,447.0,533.0,-16.135084427767353
QLq,-1.0,KNc,322.0,345.0,-6.666666666666667
QLq,-1.0,KNf,241.0,292.0,-17.465753424657535
QLq,-1.0,KNn,236.0,290.0,-18.620689655172416
QLq,-1.0,KNs,318.0,350.0,-9.142857142857142
QLq,-1.0,AT,381.0,440.0,-13.40909090909091
QLq,-1.0,VO,273.0,316.0,-13.60759493670886
QLq,0.0,AS,429.0,429.0,0.0
QLq,0.0,CEc,492.0,492.0,0.0
QLq,0.0,CEe,38.0,38.0,0.0
QLq,0.0,CL,348.0,348.0,0.0
QLq,0.0,MCr,307.0,307.0,0.0
QLq,0.0,MCt,498.0,498.0,0.0
QLq,0.0,MCu,510.0,510.0,0.0
QLq,0.0,MS,122.0,122.0,0.0
QLq,0.0,QLl,318.0,318.0,0.0
QLq,0.0,QLq,177.0,177.0,0.0
QLq,0.0,SNs,8.0,8.0,0.0
QLq,0.0,KNa,533.0,533.0,0.0
QLq,0.0,KNc,345.0,345.0,0.0
QLq,0.0,KNf,292.0,292.0,0.0
QLq,0.0,KNn,290.0,290.0,0.0
QLq,0.0,KNs,350.0,350.0,0.0
QLq,0.0,AT,440.0,440.0,0.0
QLq,0.0,VO,316.0,316.0,0.0
QLq,0.5,AS,421.0,429.0,-1.8648018648018647
QLq,0.5,CEc,488.0,492.0,-0.8130081300813009
QLq,0.5,CEe,38.0,38.0,0.0
QLq,0.5,CL,349.0,348.0,0.28735632183908044
QLq,0.5,MCr,308.0,307.0,0.32573289902280134
QLq,0.5,MCt,499.0,498.0,0.2008032128514056
QLq,0.5,MCu,506.0,510.0,-0.7843137254901961
QLq,0.5,MS,122.0,122.0,0.0
QLq,0.5,QLl,320.0,318.0,0.628930817610063
QLq,0.5,QLq,173.0,177.0,-2.2598870056497176
QLq,0.5,SNs,14.0,8.0,75.0
QLq,0.5,KNa,533.0,533.0,0.0
QLq,0.5,KNc,340.0,345.0,-1.4492753623188406
QLq,0.5,KNf,289.0,292.0,-1.0273972602739725
QLq,0.5,KNn,285.0,290.0,-1.7241379310344827
QLq,0.5,KNs,351.0,350.0,0.2857142857142857
QLq,0.5,AT,436.0,440.0,-0.9090909090909091
QLq,0.5,VO,318.0,316.0,0.6329113924050633
SNs,-3.0,AS,296.0,429.0,-31.002331002331
SNs,-3.0,CEc,368.0,492.0,-25.203252032520325
SNs,-3.0,CEe,32.0,38.0,-15.789473684210526
SNs,-3.0,CL,262.0,348.0,-24.71264367816092
SNs,-3.0,MCr,225.0,307.0,-26.710097719869708
SNs,-3.0,MCt,356.0,498.0,-28.514056224899598
SNs,-3.0,MCu,362.0,510.0,-29.01960784313726
SNs,-3.0,MS,94.0,122.0,-22.950819672131146
SNs,-3.0,QLl,245.0,318.0,-22.955974842767297
SNs,-3.0,QLq,138.0,177.0,-22.033898305084744
SNs,-3.0,SNs,6.0,8.0,-25.0
SNs,-3.0,KNa,370.0,533.0,-30.58161350844278
SNs,-3.0,KNc,273.0,345.0,-20.869565217391305
SNs,-3.0,KNf,229.0,292.0,-21.575342465753426
SNs,-3.0,KNn,181.0,290.0,-37.58620689655172
SNs,-3.0,KNs,232.0,350.0,-33.714285714285715
SNs,-3.0,AT,313.0,440.0,-28.863636363636363
SNs,-3.0,VO,225.0,316.0,-28.79746835443038
SNs,-2.0,AS,359.0,429.0,-16.317016317016318
SNs,-2.0,CEc,442.0,492.0,-10.16260162601626
SNs,-2.0,CEe,38.0,38.0,0.0
SNs,-2.0,CL,317.0,348.0,-8.908045977011495
SNs,-2.0,MCr,274.0,307.0,-10.749185667752444
SNs,-2.0,MCt,447.0,498.0,-10.240963855421686
SNs,-2.0,MCu,445.0,510.0,-12.745098039215685
SNs,-2.0,MS,115.0,122.0,-5.737704918032787
SNs,-2.0,QLl,305.0,318.0,-4.088050314465408
SNs,-2.0,QLq,177.0,177.0,0.0
SNs,-2.0,SNs,8.0,8.0,0.0
SNs,-2.0,KNa,458.0,533.0,-14.071294559099437
SNs,-2.0,KNc,324.0,345.0,-6.086956521739131
SNs,-2.0,KNf,277.0,292.0,-5.136986301369863
SNs,-2.0,KNn,232.0,290.0,-20.0
SNs,-2.0,KNs,299.0,350.0,-14.571428571428571
SNs,-2.0,AT,386.0,440.0,-12.272727272727273
SNs,-2.0,VO,285.0,316.0,-9.81012658227848
SNs,-1.5,AS,379.0,429.0,-11.655011655011654
SNs,-1.5,CEc,454.0,492.0,-7.723577235772358
SNs,-1.5,CEe,38.0,38.0,0.0
SNs,-1.5,CL,314.0,348.0,-9.770114942528735
SNs,-1.5,MCr,284.0,307.0,-7.491856677524431
SNs,-1.5,MCt,452.0,498.0,-9.236947791164658
SNs,-1.5,MCu,460.0,510.0,-9.803921568627452
SNs,-1.5,MS,118.0,122.0,-3.278688524590164
SNs,-1.5,QLl,296.0,318.0,-6.918238993710692
SNs,-1.5,QLq,166.0,177.0,-6.214689265536723
SNs,-1.5,SNs,8.0,8.0,0.0
SNs,-1.5,KNa,459.0,533.0,-13.883677298311445
SNs,-1.5,KNc,334.0,345.0,-3.1884057971014492
SNs,-1.5,KNf,266.0,292.0,-8.904109589041095
SNs,-1.5,KNn,246.0,290.0,-15.172413793103448
SNs,-1.5,KNs,318.0,350.0,-9.142857142857142
SNs,-1.5,AT,399.0,440.0,-9.318181818181818
SNs,-1.5,VO,288.0,316.0,-8.860759493670885
SNs,-1.0,AS,387.0,429.0,-9.79020979020979
SNs,-1.0,CEc,470.0,492.0,-4.471544715447155
SNs,-1.0,CEe,38.0,38.0,0.0
SNs,-1.0,CL,332.0,348.0,-4.597701149425287
SNs,-1.0,MCr,300.0,307.0,-2.2801302931596092
SNs,-1.0,MCt,476.0,498.0,-4.417670682730924
SNs,-1.0,MCu,477.0,510.0,-6.470588235294119
SNs,-1.0,MS,124.0,122.0,1.639344262295082
SNs,-1.0,QLl,307.0,318.0,-3.459119496855346
SNs,-1.0,QLq,178.0,177.0,0.5649717514124294
SNs,-1.0,SNs,6.0,8.0,-25.0
SNs,-1.0,KNa,485.0,533.0,-9.00562851782364
SNs,-1.0,KNc,343.0,345.0,-0.5797101449275363
SNs,-1.0,KNf,284.0,292.0,-2.73972602739726
SNs,-1.0,KNn,261.0,290.0,-10.0
SNs,-1.0,KNs,336.0,350.0,-4.0
SNs,-1.0,AT,421.0,440.0,-4.318181818181818
SNs,-1.0,VO,299.0,316.0,-5.379746835443038
SNs,0.0,AS,429.0,429.0,0.0
SNs,0.0,CEc,492.0,492.0,0.0
SNs,0.0,CEe,38.0,38.0,0.0
SNs,0.0,CL,348.0,348.0,0.0
SNs,0.0,MCr,307.0,307.0,0.0
SNs,0.0,MCt,498.0,498.0,0.0
SNs,0.0,MCu,510.0,510.0,0.0
SNs,0.0,MS,122.0,122.0,0.0
SNs,0.0,QLl,318.0,318.0,0.0
SNs,0.0,QLq,177.0,177.0,0.0
SNs,0.0,SNs,8.0,8.0,0.0
SNs,0.0,KNa,533.0,533.0,0.0
SNs,0.0,KNc,345.0,345.0,0.0
SNs,0.0,KNf,292.0,292.0,0.0
SNs,0.0,KNn,290.0,290.0,0.0
SNs,0.0,KNs,350.0,350.0,0.0
SNs,0.0,AT,440.0,440.0,0.0
SNs,0.0,VO,316.0,316.0,0.0
SNs,0.5,AS,430.0,429.0,0.2331002331002331
SNs,0.5,CEc,495.0,492.0,0.6097560975609756
SNs,0.5,CEe,38.0,38.0,0.0
SNs,0.5,CL,352.0,348.0,1.1494252873563218
SNs,0.5,MCr,312.0,307.0,1.6286644951140066
SNs,0.5,MCt,501.0,498.0,0.6024096385542169
SNs,0.5,MCu,516.0,510.0,1.1764705882352942
SNs,0.5,MS,122.0,122.0,0.0
SNs,0.5,QLl,322.0,318.0,1.257861635220126
SNs,0.5,QLq,178.0,177.0,0.5649717514124294
SNs,0.5,SNs,12.0,8.0,50.0
SNs,0.5,KNa,542.0,533.0,1.6885553470919326
SNs,0.5,KNc,347.0,345.0,0.5797101449275363
SNs,0.5,KNf,290.0,292.0,-0.684931506849315
SNs,0.5,KNn,298.0,290.0,2.7586206896551726
SNs,0.5,KNs,355.0,350.0,1.4285714285714286
SNs,0.5,AT,444.0,440.0,0.9090909090909091
SNs,0.5,VO,320.0,316.0,1.2658227848101267
VO,-3.0,AS,278.0,429.0,-35.1981351981352
VO,-3.0,CEc,336.0,492.0,-31.70731707317073
VO,-3.0,CEe,37.0,38.0,-2.631578947368421
VO,-3.0,CL,242.0,348.0,-30.45977011494253
VO,-3.0,MCr,208.0,307.0,-32.24755700325733
VO,-3.0,MCt,341.0,498.0,-31.52610441767068
VO,-3.0,MCu,321.0,510.0,-37.05882352941177
VO,-3.0,MS,99.0,122.0,-18.852459016393443
VO,-3.0,QLl,224.0,318.0,-29.559748427672954
VO,-3.0,QLq,111.0,177.0,-37.28813559322034
VO,-3.0,SNs,4.0,8.0,-50.0
VO,-3.0,KNa,320.0,533.0,-39.9624765478424
VO,-3.0,KNc,268.0,345.0,-22.318840579710145
VO,-3.0,KNf,189.0,292.0,-35.273972602739725
VO,-3.0,KNn,159.0,290.0,-45.17241379310345
VO,-3.0,KNs,243.0,350.0,-30.571428571428573
VO,-3.0,AT,287.0,440.0,-34.77272727272727
VO,-3.0,VO,223.0,316.0,-29.430379746835445
VO,-2.0,AS,325.0,429.0,-24.242424242424242
VO,-2.0,CEc,391.0,492.0,-20.528455284552845
VO,-2.0,CEe,37.0,38.0,-2.631578947368421
VO,-2.0,CL,274.0,348.0,-21.26436781609195
VO,-2.0,MCr,247.0,307.0,-19.54397394136808
VO,-2.0,MCt,395.0,498.0,-20.682730923694777
VO,-2.0,MCu,386.0,510.0,-24.313725490196077
VO,-2.0,MS,112.0,122.0,-8.19672131147541
VO,-2.0,QLl,252.0,318.0,-20.754716981132077
VO,-2.0,QLq,119.0,177.0,-32.7683615819209
VO,-2.0,SNs,4.0,8.0,-50.0
VO,-2.0,KNa,383.0,533.0,-28.142589118198874
VO,-2.0,KNc,310.0,345.0,-10.144927536231885
VO,-2.0,KNf,199.0,292.0,-31.84931506849315
VO,-2.0,KNn,193.0,290.0,-33.44827586206897
VO,-2.0,KNs,294.0,350.0,-16.0
VO,-2.0,AT,340.0,440.0,-22.727272727272727
VO,-2.0,VO,251.0,316.0,-20.569620253164558
VO,-1.5,AS,360.0,429.0,-16.083916083916083
VO,-1.5,CEc,430.0,492.0,-12.601626016260163
VO,-1.5,CEe,40.0,38.0,5.263157894736842
VO,-1.5,CL,299.0,348.0,-14.080459770114942
VO,-1.5,MCr,266.0,307.0,-13.355048859934854
VO,-1.5,MCt,435.0,498.0,-12.650602409638553
VO,-1.5,MCu,426.0,510.0,-16.470588235294116
VO,-1.5,MS,123.0,122.0,0.819672131147541
VO,-1.5,QLl,274.0,318.0,-13.836477987421384
VO,-1.5,QLq,136.0,177.0,-23.163841807909606
VO,-1.5,SNs,6.0,8.0,-25.0
VO,-1.5,KNa,444.0,533.0,-16.69793621013133
VO,-1.5,KNc,327.0,345.0,-5.217391304347826
VO,-1.5,KNf,227.0,292.0,-22.26027397260274
VO,-1.5,KNn,217.0,290.0,-25.17241379310345
VO,-1.5,KNs,316.0,350.0,-9.714285714285714
VO,-1.5,AT,375.0,440.0,-14.772727272727273
VO,-1.5,VO,278.0,316.0,-12.025316455696203
VO,-1.0,AS,385.0,429.0,-10.256410256410255
VO,-1.0,CEc,460.0,492.0,-6.504065040650407
VO,-1.0,CEe,40.0,38.0,5.263157894736842
VO,-1.0,CL,322.0,348.0,-7.471264367816093
VO,-1.0,MCr,288.0,307.0,-6.188925081433225
VO,-1.0,MCt,465.0,498.0,-6.626506024096386
VO,-1.0,MCu,463.0,510.0,-9.215686274509805
VO,-1.0,MS,125.0,122.0,2.459016393442623
VO,-1.0,QLl,297.0,318.0,-6.60377358490566
VO,-1.0,QLq,156.0,177.0,-11.864406779661017
VO,-1.0,SNs,6.0,8.0,-25.0
VO,-1.0,KNa,481.0,533.0,-9.75609756097561
VO,-1.0,KNc,335.0,345.0,-2.898550724637681
VO,-1.0,KNf,258.0,292.0,-11.643835616438356
VO,-1.0,KNn,250.0,290.0,-13.793103448275861
VO,-1.0,KNs,334.0,350.0,-4.571428571428571
VO,-1.0,AT,407.0,440.0,-7.5
VO,-1.0,VO,299.0,316.0,-5.379746835443038
VO,0.0,AS,429.0,429.0,0.0
VO,0.0,CEc,492.0,492.0,0.0
VO,0.0,CEe,38.0,38.0,0.0
VO,0.0,CL,348.0,348.0,0.0
VO,0.0,MCr,307.0,307.0,0.0
VO,0.0,MCt,498.0,498.0,0.0
VO,0.0,MCu,510.0,510.0,0.0
VO,0.0,MS,122.0,122.0,0.0
VO,0.0,QLl,318.0,318.0,0.0
VO,0.0,QLq,177.0,177.0,0.0
VO,0.0,SNs,8.0,8.0,0.0
VO,0.0,KNa,533.0,533.0,0.0
VO,0.0,KNc,345.0,345.0,0.0
VO,0.0,KNf,292.0,292.0,0.0
VO,0.0,KNn,290.0,290.0,0.0
VO,0.0,KNs,350.0,350.0,0.0
VO,0.0,AT,440.0,440.0,0.0
VO,0.0,VO,316.0,316.0,0.0
VO,0.5,AS,427.0,429.0,-0.4662004662004662
VO,0.5,CEc,492.0,492.0,0.0
VO,0.5,CEe,37.0,38.0,-2.631578947368421
VO,0.5,CL,349.0,348.0,0.28735632183908044
VO,0.5,MCr,314.0,307.0,2.2801302931596092
VO,0.5,MCt,503.0,498.0,1.0040160642570282
VO,0.5,MCu,516.0,510.0,1.1764705882352942
VO,0.5,MS,119.0,122.0,-2.459016393442623
VO,0.5,QLl,323.0,318.0,1.5723270440251573
VO,0.5,QLq,182.0,177.0,2.824858757062147
VO,0.5,SNs,8.0,8.0,0.0
VO,0.5,KNa,533.0,533.0,0.0
VO,0.5,KNc,345.0,345.0,0.0
VO,0.5,KNf,296.0,292.0,1.36986301369863
VO,0.5,KNn,288.0,290.0,-0.6896551724137931
VO,0.5,KNs,349.0,350.0,-0.2857142857142857
VO,0.5,AT,443.0,440.0,0.6818181818181818
VO,0.5,VO,316.0,316.0,0.0
